Order,Published,Title
1,11/1961,Fantastic Four (1961) #1
2,01/1962,Fantastic Four (1961) #2
4,03/1962,Fantastic Four (1961) #3
5,05/1962,Fantastic Four (1961) #4
12,07/1962,Fantastic Four (1961) #5
17,09/1962,Fantastic Four (1961) #6
20,10/1962,Fantastic Four (1961) #7
21,10/1962,Strange Tales (1951) #101
24,11/1962,Strange Tales (1951) #102
27,11/1962,Fantastic Four (1961) #8
29,12/1962,Strange Tales (1951) #103
30,12/1962,Fantastic Four (1961) #9
37,01/1963,Fantastic Four (1961) #10
39,02/1963,Strange Tales (1951) #105
41,02/1963,Fantastic Four (1961) #11 [B Story]
42,02/1963,Fantastic Four (1961) #11 [A Story]
44,03/1963,Strange Tales (1951) #106
45,04/1963,Strange Tales (1951) #107
46,03/1963,Fantastic Four (1961) #12
53,03/1963,Amazing Spider-Man (1963) #1 [B Story]
59,04/1963,Fantastic Four (1961) #13
63,05/1963,Fantastic Four (1961) #14
67,07/1963,Amazing Spider-Man (1963) #3
68,06/1963,Strange Tales (1951) #109
71,07/1963,Strange Tales (1951) #110 [A Story]
76,06/1963,Fantastic Four (1961) #15
77,08/1963,Strange Tales (1951) #111 [A Story]
79,07/1963,Fantastic Four (1961) #16
80,08/1963,Fantastic Four (1961) #17
84,09/1963,Fantastic Four (1961) #18
87,10/1963,Amazing Spider-Man (1963) #5
88,09/1963,Strange Tales (1951) #112
89,10/1963,Strange Tales Annual (1962) #2
90,07/1963,Fantastic Four Annual (1963) #1 [A Story]
91,07/1963,Fantastic Four Annual (1963) #1 [B Story]
94,09/1963,Avengers (1963) #1
98,10/1963,Fantastic Four (1961) #19
103,11/1963,Strange Tales (1951) #114 [A Story]
105,11/1963,Fantastic Four (1961) #20
114,12/1963,Strange Tales (1951) #115 [A Story]
116,12/1963,Fantastic Four (1961) #21
121,01/1964,Strange Tales (1951) #116 [A Story]
124,01/1964,Amazing Spider-Man (1963) #8 [B Story]
139,01/1964,Avengers (1963) #3
140,01/1964,Fantastic Four (1961) #22
142,02/1964,Strange Tales (1951) #117 [A Story]
144,02/1964,Fantastic Four (1961) #23
146,03/1964,Strange Tales (1951) #118 [A Story]
150,04/1964,Strange Tales (1951) #119 [A Story]
152,03/1964,Fantastic Four (1961) #24
172,05/1964,Strange Tales (1951) #120 [A Story]
179,04/1964,Fantastic Four (1961) #25
180,05/1964,Fantastic Four (1961) #26
187,06/1964,Strange Tales (1951) #121 [A Story]
189,06/1964,Fantastic Four (1961) #27
190,07/1964,Strange Tales (1951) #122 [A Story]
192,06/1964,Daredevil (1964) #2
193,07/1964,Fantastic Four (1961) #28
207,08/1964,Tales of Suspense (1959) #56 [B Story]
209,08/1964,Strange Tales (1951) #123 [A Story]
211,08/1964,Fantastic Four (1961) #29
223,10/1964,Amazing Spider-Man Annual (1964) #1
227,09/1964,Strange Tales (1951) #124 [A Story]
229,09/1964,Fantastic Four (1961) #30
230,10/1964,Strange Tales (1951) #125 [A Story]
231,11/1964,Strange Tales (1951) #126 [A Story]
233,11/1964,Amazing Spider-Man (1963) #18
237,12/1964,Strange Tales (1951) #127 [A Story]
238,12/1964,Amazing Spider-Man (1963) #19
244,11/1964,Fantastic Four Annual (1963) #2 [C Story]
247,10/1964,Fantastic Four (1961) #31
258,11/1964,Fantastic Four (1961) #32
259,12/1964,Fantastic Four (1961) #33
278,01/1965,Strange Tales (1951) #128 [A Story]
280,01/1965,Fantastic Four (1961) #34
282,02/1965,Strange Tales (1951) #129 [A Story]
284,02/1965,Avengers (1963) #13
286,02/1965,Fantastic Four (1961) #35
288,03/1965,Strange Tales (1951) #130 [A Story]
289,04/1965,Strange Tales (1951) #131 [A Story]
290,03/1965,Fantastic Four (1961) #36
294,04/1965,Fantastic Four (1961) #37
298,05/1965,Strange Tales (1951) #132 [A Story]
299,06/1965,Strange Tales (1951) #133 [A Story]
300,07/1965,Strange Tales (1951) #134 [A Story]
306,09/1965,X-Men (1963) #13
308,05/1965,Fantastic Four (1961) #38
340,06/1965,Fantastic Four (1961) #39
341,07/1965,Fantastic Four (1961) #40
342,08/1965,Fantastic Four (1961) #41
343,09/1965,Fantastic Four (1961) #42
344,10/1965,Fantastic Four (1961) #43
371,10/1965,Fantastic Four Annual (1963) #3
421,02/1966,Avengers (1963) #25
426,11/1965,Fantastic Four (1961) #44
427,12/1965,Fantastic Four (1961) #45
428,01/1966,Fantastic Four (1961) #46
429,02/1966,Fantastic Four (1961) #47
430,03/1966,Fantastic Four (1961) #48
431,04/1966,Fantastic Four (1961) #49
432,05/1966,Fantastic Four (1961) #50
470,06/1966,Fantastic Four (1961) #51
527,07/1966,Fantastic Four (1961) #52
528,08/1966,Fantastic Four (1961) #53
539,09/1966,Fantastic Four (1961) #54
540,10/1966,Fantastic Four (1961) #55
573,11/1966,Fantastic Four (1961) #56
584,11/1966,Fantastic Four Annual (1963) #4
585,12/1966,Fantastic Four (1961) #57
586,01/1967,Fantastic Four (1961) #58
587,02/1967,Fantastic Four (1961) #59
588,03/1967,Fantastic Four (1961) #60
596,04/1967,Fantastic Four (1961) #61
597,05/1967,Fantastic Four (1961) #62
598,06/1967,Fantastic Four (1961) #63
616,05/1967,Strange Tales (1951) #156 [A Story]
651,07/1967,Fantastic Four (1961) #64
653,07/1967,Avengers (1963) #42
656,11/1967,Fantastic Four Annual (1963) #5 [A Story]
658,08/1967,Fantastic Four (1961) #65
659,09/1967,Fantastic Four (1961) #66
660,10/1967,Fantastic Four (1961) #67
663,10/1967,Strange Tales (1951) #161 [A Story]
698,11/1967,Fantastic Four (1961) #68
699,12/1967,Fantastic Four (1961) #69
700,01/1968,Fantastic Four (1961) #70
701,02/1968,Fantastic Four (1961) #71
702,03/1968,Fantastic Four (1961) #72
741,12/1967,Daredevil (1964) #35
742,01/1968,Daredevil (1964) #36
744,03/1968,Daredevil (1964) #38
745,04/1968,Fantastic Four (1961) #73
824,05/1968,Fantastic Four (1961) #74
825,06/1968,Fantastic Four (1961) #75
826,07/1968,Fantastic Four (1961) #76
827,08/1968,Fantastic Four (1961) #77
828,09/1968,Fantastic Four (1961) #78
829,10/1968,Fantastic Four (1961) #79
837,11/1968,Amazing Spider-Man Annual (1964) #5
892,11/1968,Fantastic Four (1961) #80
901,11/1968,Fantastic Four Annual (1963) #6
908,12/1968,Fantastic Four (1961) #81
910,01/1969,Avengers (1963) #60
931,07/1968,Incredible Hulk (1962) #105
979,01/1969,Fantastic Four (1961) #82
980,02/1969,Fantastic Four (1961) #83
989,03/1969,Fantastic Four (1961) #84
990,04/1969,Fantastic Four (1961) #85
991,05/1969,Fantastic Four (1961) #86
992,06/1969,Fantastic Four (1961) #87
994,07/1969,Fantastic Four (1961) #88
995,08/1969,Fantastic Four (1961) #89
996,09/1969,Fantastic Four (1961) #90
997,10/1969,Fantastic Four (1961) #91
998,11/1969,Fantastic Four (1961) #92
999,12/1969,Fantastic Four (1961) #93
"1,000",04/1969,Silver Surfer (1968) #5 [A Story]
"1,052",12/1969,Incredible Hulk (1962) #122
"1,053",01/1970,Incredible Hulk (1962) #123
"1,059",02/1970,X-Men (1963) #65
"1,116",01/1970,Fantastic Four (1961) #94
"1,173",02/1970,Fantastic Four (1961) #95
"1,174",03/1970,Fantastic Four (1961) #96
"1,178",11/1970,Avengers (1963) #82
"1,182",04/1970,Silver Surfer (1968) #15
"1,183",04/1970,Fantastic Four (1961) #97
"1,190",05/1970,Fantastic Four (1961) #98
"1,200",06/1970,Fantastic Four (1961) #99
"1,202",07/1970,Fantastic Four (1961) #100
"1,204",06/1970,Silver Surfer (1968) #17
"1,226",08/1970,Fantastic Four (1961) #101
"1,227",08/1970,Amazing Adventures (1970) #1 [A Story]
"1,228",09/1970,Amazing Adventures (1970) #2 [A Story]
"1,239",09/1970,Fantastic Four (1961) #102
"1,240",10/1970,Fantastic Four (1961) #103
"1,241",11/1970,Fantastic Four (1961) #104
"1,323",12/1970,Fantastic Four (1961) #105
"1,324",01/1971,Fantastic Four (1961) #106
"1,325",02/1971,Fantastic Four (1961) #107
"1,326",03/1971,Fantastic Four (1961) #108
"1,327",04/1971,Fantastic Four (1961) #109
"1,328",05/1971,Fantastic Four (1961) #110
"1,333",06/1971,Fantastic Four (1961) #111
"1,334",07/1971,Fantastic Four (1961) #112
"1,335",08/1971,Fantastic Four (1961) #113
"1,336",09/1971,Fantastic Four (1961) #114
"1,337",10/1971,Fantastic Four (1961) #115
"1,338",11/1971,Fantastic Four (1961) #116
"1,341",12/1971,Sub-Mariner (1968) #44
"1,344",12/1971,Fantastic Four (1961) #117
"1,345",01/1972,Fantastic Four (1961) #118 [A Story]
"1,346",01/1972,Fantastic Four (1961) #118 [B Story]
"1,354",09/1971,Avengers (1963) #92
"1,356",12/1971,Avengers (1963) #94
"1,383",02/1972,Fantastic Four (1961) #119
"1,384",03/1972,Marvel Team-Up (1972) #1
"1,414",03/1972,Fantastic Four (1961) #120
"1,415",04/1972,Fantastic Four (1961) #121
"1,416",05/1972,Fantastic Four (1961) #122
"1,417",06/1972,Fantastic Four (1961) #123
"1,418",07/1972,Fantastic Four (1961) #124
"1,419",08/1972,Fantastic Four (1961) #125
"1,482",07/1972,Marvel Team-Up (1972) #3
"1,494",06/1972,Incredible Hulk (1962) #152
"1,496",07/1972,Incredible Hulk (1962) #153
"1,558",01/1973,Marvel Team-Up (1972) #6
"1,565",09/1972,Fantastic Four (1961) #126
"1,566",10/1972,Fantastic Four (1961) #127
"1,567",11/1972,Fantastic Four (1961) #128
"1,579",12/1972,Fantastic Four (1961) #129
"1,580",01/1973,Fantastic Four (1961) #130
"1,581",02/1973,Fantastic Four (1961) #131
"1,582",03/1973,Fantastic Four (1961) #132
"1,649",04/1973,Fantastic Four (1961) #133
"1,661",05/1973,Hero for Hire (1972) #9
"1,768",12/1973,Avengers (1963) #118
"1,806",11/1973,Amazing Spider-Man (1963) #126
"1,808",12/1973,Amazing Spider-Man (1963) #127
"1,857",05/1973,Captain Marvel (1968) #26
"1,858",09/1973,Marvel Feature (1971) #11
"1,863",11/1973,Marvel Feature (1971) #12
"1,867",05/1973,Fantastic Four (1961) #134
"1,868",06/1973,Fantastic Four (1961) #135
"1,869",07/1973,Fantastic Four (1961) #136
"1,870",08/1973,Fantastic Four (1961) #137
"1,871",09/1973,Fantastic Four (1961) #138
"1,872",10/1973,Fantastic Four (1961) #139
"1,876",11/1973,Sub-Mariner (1968) #67
"1,877",11/1973,Fantastic Four (1961) #140
"1,878",12/1973,Fantastic Four (1961) #141
"1,883",01/1974,Marvel Team-Up (1972) #17
"1,893",01/1974,Fantastic Four (1961) #142
"1,894",02/1974,Marvel Team-Up (1972) #18
"1,895",02/1974,Fantastic Four (1961) #143
"1,896",03/1974,Fantastic Four (1961) #144
"1,899",03/1974,Marvel Two-in-One (1974) #2
"1,901",05/1974,Marvel Two-in-One (1974) #3
"1,902",06/1974,Daredevil (1964) #110
"1,937",07/1974,Marvel Two-in-One (1974) #4
"1,938",09/1974,Marvel Two-in-One (1974) #5
"1,986",05/1974,Giant-Size Super-Stars (1974) #1
"2,025",04/1974,Fantastic Four (1961) #145
"2,026",05/1974,Fantastic Four (1961) #146
"2,027",06/1974,Fantastic Four (1961) #147
"2,028",07/1974,Fantastic Four (1961) #148
"2,029",08/1974,Fantastic Four (1961) #149
"2,056",08/1974,Giant-Size Fantastic Four (1974) #2
"2,078",10/1974,Marvel Team-Up (1972) #26
"2,101",09/1974,Avengers (1963) #127
"2,102",09/1974,Fantastic Four (1961) #150 [A Story]
"2,103",09/1974,Fantastic Four (1961) #150 [B Story]
"2,106",10/1974,Avengers (1963) #128
"2,137",11/1974,Giant-Size Fantastic Four (1974) #3
"2,212",10/1974,Fantastic Four (1961) #151
"2,213",11/1974,Fantastic Four (1961) #152
"2,214",12/1974,Fantastic Four (1961) #153
"2,217",01/1975,Fantastic Four (1961) #154
"2,231",02/1975,Fantastic Four (1961) #155
"2,233",03/1975,Fantastic Four (1961) #156
"2,234",04/1975,Fantastic Four (1961) #157
"2,261",02/1975,Giant-Size Fantastic Four (1974) #4
"2,292",03/1975,Marvel Two-in-One (1974) #8
"2,296",04/1975,Marvel Team-Up (1972) #32
"2,318",05/1975,Marvel Two-in-One (1974) #9
"2,339",05/1975,Fantastic Four (1961) #158
"2,340",06/1975,Fantastic Four (1961) #159
"2,361",07/1975,Fantastic Four (1961) #160
"2,362",08/1975,Fantastic Four (1961) #161
"2,363",09/1975,Fantastic Four (1961) #162
"2,364",10/1975,Fantastic Four (1961) #163
"2,480",11/1975,Fantastic Four (1961) #164
"2,481",12/1975,Fantastic Four (1961) #165
"2,553",03/1976,Marvel Two-in-One (1974) #14
"2,722",06/1976,Marvel Two-in-One (1974) #16
"2,741",01/1976,Fantastic Four (1961) #166
"2,742",02/1976,Fantastic Four (1961) #167
"2,754",03/1976,Fantastic Four (1961) #168
"2,755",04/1976,Fantastic Four (1961) #169
"2,756",05/1976,Fantastic Four (1961) #170
"2,757",06/1976,Fantastic Four Annual (1963) #11
"2,758",06/1976,Marvel Two-in-One Annual (1976) #1
"2,759",10/1976,Marvel Two-in-One (1974) #20
"2,776",11/1976,Marvel Two-in-One (1974) #21
"2,777",12/1976,Marvel Two-in-One (1974) #22
"2,778",01/1977,Marvel Two-in-One (1974) #23
"2,801",04/1976,Super-Villain Team-Up (1975) #5
"2,802",06/1976,Super-Villain Team-Up (1975) #6
"2,803",08/1976,Super-Villain Team-Up (1975) #7
"2,901",06/1976,Fantastic Four (1961) #171
"2,902",07/1976,Fantastic Four (1961) #172
"2,903",08/1976,Fantastic Four (1961) #173
"2,904",09/1976,Fantastic Four (1961) #174
"2,905",10/1976,Fantastic Four (1961) #175
"2,962",12/1976,Marvel Treasury Edition (1974) #13
"2,974",09/1977,Marvel Comics Super Special (1977) #1
"2,999",10/1977,X-Men (1963) #107
"3,000",12/1977,X-Men (1963) #108
"3,004",05/1977,Marvel Two-in-One (1974) #27
"3,005",06/1977,Marvel Two-in-One (1974) #28
"3,009",10/1977,Marvel Two-in-One (1974) #32
"3,061",02/1978,Marvel Two-in-One (1974) #36
"3,062",11/1976,Fantastic Four (1961) #176
"3,063",12/1976,Fantastic Four (1961) #177
"3,064",01/1977,Fantastic Four (1961) #178
"3,065",02/1977,Fantastic Four (1961) #179
"3,066",04/1977,Fantastic Four (1961) #181
"3,067",05/1977,Fantastic Four (1961) #182
"3,068",06/1977,Fantastic Four (1961) #183
"3,069",07/1977,Fantastic Four (1961) #184
"3,072",08/1977,Fantastic Four (1961) #185
"3,073",09/1977,Fantastic Four (1961) #186
"3,074",10/1977,Fantastic Four (1961) #187
"3,075",11/1977,Fantastic Four (1961) #188
"3,076",01/1978,Fantastic Four (1961) #190
"3,252",09/1977,Marvel Team-Up (1972) #61
"3,286",02/1978,Fantastic Four (1961) #191
"3,346",10/1978,Fantastic Four (1961) #199
"3,347",11/1978,Fantastic Four (1961) #200
"3,402",11/1977,Fantastic Four Annual (1963) #12
"3,496",12/1978,Fantastic Four Annual (1963) #13
"3,589",12/1978,Fantastic Four (1961) #201
"3,590",01/1979,Fantastic Four (1961) #202
"3,628",03/1979,Godzilla (1977) #20
"3,629",04/1979,Godzilla (1977) #21
"3,630",05/1979,Godzilla (1977) #22
"3,631",06/1979,Godzilla (1977) #23
"3,632",07/1979,Godzilla (1977) #24
"3,657",10/1978,Marvel Two-in-One (1974) #44
"3,670",02/1979,Fantastic Four (1961) #203
"3,671",12/1978,Marvel Two-in-One (1974) #46
"3,721",01/1979,Marvel Two-in-One (1974) #47
"3,724",04/1979,Marvel Two-in-One (1974) #50
"3,779",03/1979,Fantastic Four (1961) #204 [A Story]
"3,780",04/1979,Fantastic Four (1961) #205
"3,782",05/1979,Fantastic Four (1961) #206
"3,783",06/1979,Fantastic Four (1961) #207
"3,784",07/1979,Fantastic Four (1961) #208
"3,785",08/1979,Fantastic Four (1961) #209
"3,786",09/1979,Fantastic Four (1961) #210
"3,787",10/1979,Fantastic Four (1961) #211
"3,788",11/1979,Fantastic Four (1961) #212
"3,789",12/1979,Fantastic Four (1961) #213
"3,790",01/1980,Fantastic Four (1961) #214
"3,883",01/1980,Marvel Two-in-One (1974) #59
"3,884",02/1980,Marvel Two-in-One (1974) #60
"4,030",06/1980,Machine Man (1978) #15
"4,044",10/1979,Marvel Team-Up Annual (1976) #2
"4,063",07/1980,X-Men (1963) #135
"4,066",02/1980,Fantastic Four (1961) #215
"4,067",03/1980,Fantastic Four (1961) #216
"4,068",04/1980,Fantastic Four (1961) #217
"4,070",12/1979,Fantastic Four Annual (1963) #14
"4,073",08/1980,Shogun Warriors (1979) #19
"4,074",09/1980,Shogun Warriors (1979) #20
"4,084",02/1980,Micronauts (1979) #14
"4,085",03/1980,Micronauts (1979) #15
"4,086",04/1980,Micronauts (1979) #16
"4,087",05/1980,Micronauts (1979) #17
"4,093",12/1980,Fantastic Four Annual UK (1980) #1980 [A ...
"4,094",12/1980,Fantastic Four Annual UK (1980) #1980 [B ...
"4,176",05/1980,Daredevil (1964) #164
"4,181",03/1980,Marvel Treasury Edition (1974) #25
"4,188",05/1980,Fantastic Four (1961) #218
"4,195",06/1980,Fantastic Four (1961) #219
"4,196",07/1980,Fantastic Four (1961) #220
"4,197",08/1980,Fantastic Four (1961) #221
"4,232",06/1980,Marvel Two-in-One (1974) #64
"4,235",09/1980,Marvel Two-in-One (1974) #67
"4,252",10/1980,Marvel Two-in-One (1974) #68 [A Story]
"4,253",11/1980,Marvel Two-in-One (1974) #69
"4,264",12/1980,Marvel Two-in-One (1974) #70
"4,279",09/1980,Fantastic Four (1961) #222
"4,280",10/1980,Fantastic Four (1961) #223
"4,298",10/1980,Fantastic Four Annual (1963) #15 [A Story]
"4,306",08/1980,Incredible Hulk (1962) #250
"4,316",11/1980,Fantastic Four (1961) #224
"4,317",12/1980,Fantastic Four (1961) #225
"4,318",01/1981,Fantastic Four (1961) #226
"4,330",12/1981,Fantastic Four Annual UK (1980) 1981 [A ...
"4,331",12/1981,Fantastic Four Annual UK (1980) 1981 [B ...
"4,341",12/1980,Marvel Team-Up (1972) #100 [A Story]
"4,366",09/1980,Marvel Two-in-One Annual (1976) #5
"4,370",02/1981,Fantastic Four (1961) #227
"4,414",01/1981,Marvel Two-in-One (1974) #71
"4,415",02/1981,Marvel Two-in-One (1974) #72
"4,426",03/1981,Fantastic Four (1961) #228
"4,456",04/1981,Dazzler (1981) #2
"4,460",03/1981,Thor (1966) #305 [A Story]
"4,465",04/1981,Marvel Two-in-One (1974) #74
"4,511",04/1981,Amazing Spider-Man (1963) #215
"4,560",05/1981,Marvel Two-in-One (1974) #75
"4,564",07/1981,Marvel Two-in-One (1974) #77
"4,571",04/1981,Fantastic Four (1961) #229
"4,572",05/1981,Fantastic Four (1961) #230
"4,573",06/1981,Fantastic Four (1961) #231
"4,579",05/1981,Dazzler (1981) #3
"4,580",06/1981,Dazzler (1981) #4
"4,600",08/1981,Marvel Two-in-One (1974) #78
"4,608",10/1981,Marvel Two-in-One (1974) #80
"4,621",10/1981,X-Men Annual (1979) #5
"4,627",05/1982,Marvel Fanfare (1982) #2 [B Story]
"4,656",07/1981,Fantastic Four (1961) #232 [A Story]
"4,664",08/1981,Fantastic Four (1961) #233
"4,716",10/1981,Fantastic Four Annual (1963) #16
"4,740",10/1981,Rom (1979) #23
"4,757",09/1981,Fantastic Four (1961) #234
"4,758",10/1981,Fantastic Four (1961) #235
"4,772",04/1982,Marvel Graphic Novel (1981) #1
"4,804",02/1982,Avengers (1963) #216
"4,858",01/1982,Marvel Two-in-One (1974) #83
"4,859",02/1982,Marvel Two-in-One (1974) #84
"4,867",11/1981,Fantastic Four (1961) #236
"4,868",12/1981,Fantastic Four (1961) #237
"4,869",01/1982,Fantastic Four (1961) #238 [A Story]
"4,870",01/1982,Fantastic Four (1961) #238 [B Story]
"4,871",02/1982,Fantastic Four (1961) #239
"4,883",03/1982,Fantastic Four (1961) #240
"4,884",04/1982,Fantastic Four (1961) #241
"4,895",05/1982,Fantastic Four (1961) #242
"4,896",06/1982,Fantastic Four (1961) #243
"4,897",07/1982,Fantastic Four (1961) #244
"4,898",08/1982,Fantastic Four (1961) #245
"4,905",03/1982,Marvel Two-in-One (1974) #85
"4,906",04/1982,Marvel Two-in-One (1974) #86 [A Story]
"4,907",04/1982,Marvel Two-in-One (1974) #86 [B Story]
"4,909",04/1982,Micronauts (1979) #40
"4,911",09/1982,Fantastic Four (1961) #246
"4,912",10/1982,Fantastic Four (1961) #247
"4,915",05/1982,Marvel Two-in-One (1974) #87
"4,920",04/1982,Doctor Strange (1974) #52
"4,921",06/1982,Doctor Strange (1974) #53
"4,926",07/1982,Marvel Two-in-One (1974) #89
"4,947",06/1982,Contest of Champions (1982) #1
"4,949",08/1982,Contest of Champions (1982) #3
"4,965",06/1982,Iron Man (1968) #159
"4,985",06/1982,Silver Surfer (1982) #1
"5,019",08/1982,Dazzler (1981) #18
"5,022",11/1982,Dazzler (1981) #21
"5,072",11/1982,Incredible Hulk Annual (1968) #11 [A Story]
"5,104",11/1982,Fantastic Four (1961) #248
"5,106",09/1982,Marvel Two-in-One (1974) #91
"5,107",10/1982,Marvel Two-in-One (1974) #92
"5,155",11/1982,Incredible Hulk (1962) #277
"5,159",12/1982,Fantastic Four (1961) #249
"5,160",01/1983,Fantastic Four (1961) #250
"5,162",03/1983,Uncanny X-Men (1981) #167
"5,163",12/1982,Incredible Hulk (1962) #278
"5,164",01/1983,Incredible Hulk (1962) #279
"5,167",01/1983,Avengers (1963) #227
"5,175",10/1982,Marvel Two-in-One Annual (1976) #7
"5,176",02/1983,Marvel Two-in-One (1974) #96
"5,214",03/1983,Marvel Two-in-One (1974) #97
"5,233",04/1983,Marvel Two-in-One (1974) #98
"5,253",06/1983,Marvel Two-in-One (1974) #100
"5,304",02/1983,Fantastic Four (1961) #251
"5,305",03/1983,Fantastic Four (1961) #252
"5,306",04/1983,Fantastic Four (1961) #253
"5,307",05/1983,Fantastic Four (1961) #254
"5,308",06/1983,Fantastic Four (1961) #255
"5,309",07/1983,Avengers (1963) #233
"5,310",07/1983,Fantastic Four (1961) #256
"5,317",08/1983,The Thing (1983) #2
"5,318",08/1983,Fantastic Four (1961) #257
"5,319",09/1983,Fantastic Four (1961) #258
"5,320",07/1983,Avengers Annual (1967) #12
"5,321",09/1983,Fantastic Four Annual (1963) #17
"5,326",10/1983,Fantastic Four (1961) #259
"5,327",11/1983,Fantastic Four (1961) #260
"5,331",12/1983,Fantastic Four (1961) #261
"5,332",01/1984,Fantastic Four (1961) #262
"5,510",03/1984,Incredible Hulk (1962) #293
"5,544",05/1984,Marvel Fanfare (1982) #14 [A Story]
"5,550",07/1984,Marvel Fanfare (1982) #15 [A Story]
"5,559",01/1984,Moon Knight (1980) #35
"5,561",02/1984,Fantastic Four (1961) #263
"5,562",03/1984,Fantastic Four (1961) #264
"5,589",04/1984,"Peter Parker, The Spectacular Spider-Man ..."
"5,591",04/1984,The Thing (1983) #10
"5,595",05/1984,Secret Wars (1984) #1
"5,596",06/1984,Secret Wars (1984) #2
"5,866",01/1985,Fantastic Four (1961) #274
"5,904",10/1985,Marvel Graphic Novel (1981) #17
"5,921",02/1985,Fantastic Four (1961) #275
"5,922",03/1985,Fantastic Four (1961) #276
"5,923",04/1985,Fantastic Four (1961) #277
"5,926",05/1985,The Thing (1983) #23
"6,043",11/1985,Marvel Graphic Novel (1981) #18
"6,047",07/1985,The Thing (1983) #25
"6,048",05/1985,Fantastic Four (1961) #278
"6,049",06/1985,Fantastic Four (1961) #279
"6,066",07/1985,Fantastic Four (1961) #280
"6,067",08/1985,Fantastic Four (1961) #281
"6,068",08/1985,Secret Wars II (1985) #2
"6,074",11/1985,Questprobe (1984) #3
"6,089",09/1985,Fantastic Four (1961) #282
"6,090",10/1985,Fantastic Four (1961) #283
"6,091",11/1985,Fantastic Four (1961) #284
"6,112",09/1985,Secret Wars II (1985) #3
"6,128",12/1985,Fantastic Four (1961) #285
"6,129",11/1985,Avengers Annual (1967) #14
"6,130",11/1985,Fantastic Four Annual (1963) #19
"6,180",11/1985,Secret Wars II (1985) #5
"6,239",01/1986,Fantastic Four (1961) #286
"6,241",02/1986,Defenders (1972) #152
"6,245",02/1986,Captain America (1968) #314
"6,250",09/1985,Marvel Age Annual (1985) #1
"6,261",02/1986,Avengers (1963) #264
"6,281",02/1986,Fantastic Four (1961) #287
"6,282",03/1986,Fantastic Four (1961) #288
"6,284",03/1986,Secret Wars II (1985) #9
"6,285",04/1986,Avengers (1963) #266
"6,332",04/1986,Fantastic Four (1961) #289
"6,333",05/1986,Fantastic Four (1961) #290
"6,334",06/1986,Fantastic Four (1961) #291
"6,335",07/1986,Fantastic Four (1961) #292
"6,376",09/1986,Power Man and Iron Fist (1980) #125
"6,410",07/1986,Incredible Hulk (1962) #321
"6,425",08/1986,Fantastic Four (1961) #293
"6,426",09/1986,Fantastic Four (1961) #294
"6,427",10/1986,Fantastic Four (1961) #295
"6,499",06/1986,Power Pack (1984) #23
"6,501",08/1986,Power Pack (1984) #25
"6,506",10/1986,Power Pack (1984) #26
"6,519",02/1987,Power Pack (1984) #28
"6,525",10/1986,West Coast Avengers Annual (1986) #1
"6,528",11/1986,Fantastic Four (1961) #296
"6,529",12/1986,Fantastic Four (1961) #297
"6,530",01/1987,Fantastic Four (1961) #298
"6,596",07/1987,West Coast Avengers (1985) #22
"6,597",08/1987,West Coast Avengers (1985) #23
"6,601",04/1987,Marvel Tales (1964) #198 [B Story]
"6,609",05/1987,Comet Man (1987) #4
"6,610",06/1987,Comet Man (1987) #5
"6,634",04/1987,Mephisto VS (1987) #1
"6,635",05/1987,Mephisto VS (1987) #2
"6,636",06/1987,Mephisto VS (1987) #3
"6,639",02/1987,Fantastic Four (1961) #299
"6,645",03/1987,Fantastic Four (1961) #300
"6,647",07/1987,Silver Surfer (1987) #1
"6,648",04/1987,Fantastic Four (1961) #301
"6,667",05/1987,Fantastic Four (1961) #302
"6,674",06/1987,Marvel Graphic Novel (1981) #27
"6,676",06/1987,Fantastic Four (1961) #303
"6,680",07/1987,Fantastic Four (1961) #304
"6,685",02/1987,Fantastic Four vs. The X-Men (1987) #1
"6,686",03/1987,Fantastic Four vs. The X-Men (1987) #2
"6,687",04/1987,Fantastic Four vs. The X-Men (1987) #3
"6,688",06/1987,Fantastic Four vs. The X-Men (1987) #4
"6,739",08/1987,Fantastic Four (1961) #305
"6,740",09/1987,Fantastic Four Annual (1963) #20
"6,761",09/1987,Fantastic Four (1961) #306
"6,799",10/1987,Fantastic Four (1961) #307
"6,911",04/1988,Marvel Fanfare (1982) #37 [B Story]
"6,913",01/1988,Power Pack (1984) #34
"6,918",11/1987,Fantastic Four (1961) #308
"6,919",12/1987,Fantastic Four (1961) #309
"6,920",01/1988,Fantastic Four (1961) #310
"6,921",02/1988,Fantastic Four (1961) #311
"6,940",03/1988,Fantastic Four (1961) #312
"6,944",04/1988,Silver Surfer (1987) #10
"6,947",05/1988,Amazing Spider-Man (1963) #300
"6,948",04/1988,Power Pack (1984) #36
"7,105",08/1988,Alpha Flight (1983) #61
"7,129",06/1989,Damage Control (1989) #2
"7,155",04/1988,Fantastic Four (1961) #313
"7,156",05/1988,Fantastic Four (1961) #314
"7,157",06/1988,Fantastic Four (1961) #315
"7,161",07/1988,Fantastic Four (1961) #316
"7,162",08/1988,Fantastic Four (1961) #317
"7,203",07/1988,Nick Fury vs SHIELD (1988) #2
"7,209",09/1988,Fantastic Four Annual (1963) #21 [A Story]
"7,210",09/1988,Fantastic Four Annual (1963) #21 [B Story]
"7,269",09/1988,Fantastic Four (1961) #318
"7,270",10/1988,Fantastic Four (1961) #319
"7,272",10/1988,Silver Surfer (1987) #16
"7,325",11/1988,Fantastic Four (1961) #320
"7,329",12/1988,Fantastic Four (1961) #321
"7,367",01/1989,Fantastic Four (1961) #322
"7,386",02/1989,Fantastic Four (1961) #323
"7,387",03/1989,Fantastic Four (1961) #324
"7,410",04/1989,Fantastic Four (1961) #325
"7,511",05/1989,Saga of the Sub-Mariner (1988) #7
"7,512",06/1989,Saga of the Sub-Mariner (1988) #8
"7,513",07/1989,Saga of the Sub-Mariner (1988) #9
"7,514",08/1989,Saga of the Sub-Mariner (1988) #10
"7,515",09/1989,Saga of the Sub-Mariner (1988) #11
"7,557",05/1989,Avengers (1963) #303
"7,569",10/1989,She-Hulk Ceremony (1989) #1
"7,578",05/1989,Marvel Comics Presents (1988) #18 [D Story]
"7,605",04/1989,Marvel Fanfare (1982) #43 [B Story]
"7,631",05/1989,Fantastic Four (1961) #326
"7,632",06/1989,Fantastic Four (1961) #327
"7,633",07/1989,Fantastic Four (1961) #328
"7,637",07/1989,Thor (1966) #405 [A Story]
"7,638",08/1989,Fantastic Four (1961) #329
"7,651",09/1989,Fantastic Four (1961) #330
"7,656",10/1989,Fantastic Four (1961) #331
"7,673",11/1989,Fantastic Four (1961) #332
"7,674",11/1989,Fantastic Four (1961) #333
"7,746",07/1989,Avengers (1963) #305
"7,748",09/1989,Avengers (1963) #307
"7,749",10/1989,Avengers (1963) #308
"7,759",10/1989,Marvel Fanfare (1982) #46 [A Story]
"7,825",10/1989,Avengers Annual (1967) #18 [A Story]
"7,828",11/1989,Web of Spider-Man Annual (1985) #5 [A Story]
"7,832",11/1989,Fantastic Four Annual (1963) #22 [A Story]
"7,849",10/1989,Avengers Annual (1967) #18 [B Story]
"7,862",11/1989,Fantastic Four Annual (1963) #22 [B Story]
"7,863",11/1989,Fantastic Four Annual (1963) #22 [C Story]
"7,880",04/1990,Inhumans Special (1990) #1
"7,916",08/1989,Deaths Head (1988) #9
"7,986",12/1989,Fantastic Four (1961) #334
"8,096",12/1989,Fantastic Four (1961) #335
"8,097",01/1990,Fantastic Four (1961) #336
"8,114",02/1990,Avengers Spotlight (1989) #29 [B Story]
"8,143",01/1990,Incredible Hulk (1962) #365
"8,168",05/1990,Marvel Graphic Novel (1981) #58
"8,501",02/1990,Fantastic Four (1961) #337
"8,502",03/1990,Fantastic Four (1961) #338
"8,503",04/1990,Fantastic Four (1961) #339
"8,504",05/1990,Fantastic Four (1961) #340
"8,505",06/1990,Fantastic Four (1961) #341
"8,506",07/1990,Fantastic Four (1961) #342
"8,507",08/1990,Fantastic Four (1961) #343
"8,508",09/1990,Fantastic Four (1961) #344
"8,509",10/1990,Fantastic Four (1961) #345
"8,510",11/1990,Fantastic Four (1961) #346
"8,589",07/1990,Namor the Sub-Mariner (1990) #4
"8,590",08/1990,Namor the Sub-Mariner (1990) #5
"8,611",06/1990,Power Pack (1984) #56
"8,616",07/1990,Fantastic Four Annual (1963) #23 [A Story]
"8,617",07/1990,New Mutants Annual (1985) #6 [A Story]
"8,618",07/1990,X-Factor Annual (1986) #5 [A Story]
"8,619",07/1990,X-Men Annual (1979) #14 [A Story]
"8,636",10/1990,Power Pack (1984) #59
"8,638",12/1990,Power Pack (1984) #61
"8,639",02/1991,Power Pack (1984) #62
"8,707",12/1990,Fantastic Four (1961) #347
"8,708",01/1991,Fantastic Four (1961) #348
"8,709",02/1991,Fantastic Four (1961) #349
"8,719",07/1991,Fantastic Four Annual (1963) #24 [B Story]
"8,756",09/1990,"Nick Fury, Agent of S.H.I.E.L.D. (1989) #15"
"8,759",12/1990,"Nick Fury, Agent of S.H.I.E.L.D. (1989) #18"
"8,760",01/1991,"Nick Fury, Agent of S.H.I.E.L.D. (1989) #19"
"8,763",12/1990,Marvel Comics Presents (1988) #64 [C Story]
"8,764",12/1990,Marvel Comics Presents (1988) #65 [C Story]
"8,765",12/1990,Marvel Comics Presents (1988) #66 [C Story]
"8,766",01/1991,Marvel Comics Presents (1988) #67 [C Story]
"8,767",01/1991,Marvel Comics Presents (1988) #68 [C Story]
"8,809",12/1990,Avengers (1963) #327
"8,864",03/1991,Namor the Sub-Mariner (1990) #12
"8,866",01/1991,Alpha Flight (1983) #92
"8,867",02/1991,Alpha Flight (1983) #93
"8,868",03/1991,Alpha Flight (1983) #94
"8,904",05/1991,Web of Spider-Man (1985) #76
"8,917",01/1991,What The--?! (1988) #10 [A Story]
"8,946",05/1991,X-Factor (1986) #66
"8,982",04/1991,Namor the Sub-Mariner (1990) #13
"8,986",06/1991,"Nick Fury, Agent of S.H.I.E.L.D. (1989) #24"
"9,016",05/1991,Avengers (1963) #332
"9,017",06/1991,Avengers (1963) #333
"9,028",03/1991,Fantastic Four (1961) #350
"9,029",04/1991,Fantastic Four (1961) #351
"9,030",05/1991,Fantastic Four (1961) #352
"9,031",06/1991,Fantastic Four (1961) #353
"9,032",07/1991,Fantastic Four (1961) #354
"9,059",09/1991,Damage Control (1991) #4
"9,072",08/1991,"Nick Fury, Agent of S.H.I.E.L.D. (1989) #26"
"9,094",12/1991,Iron Man (1968) #275 [A Story]
"9,143",06/1991,The Spectacular Spider-Man (1988) #177
"9,190",03/1991,Quasar (1989) #20
"9,291",06/1991,Namor the Sub-Mariner Annual (1991) #1 [D ...
"9,297",08/1991,Fantastic Four (1961) #355
"9,304",10/1991,Avengers West Coast (1989) #75
"9,305",08/1991,The Knights of Pendragon (1990) #14
"9,317",09/1991,Fantastic Four (1961) #356
"9,425",10/1991,New Warriors (1990) #16
"9,426",11/1991,New Warriors (1990) #17
"9,445",06/1992,Spider-Man (1990) #23
"9,489",01/1992,Marvel Comics Presents (1988) #94 [D Story]
"9,520",10/1991,Deathlok (1991) #4
"9,521",11/1991,Deathlok (1991) #5
"9,524",11/1992,Slapstick (1992) #1
"9,527",02/1993,Slapstick (1992) #4
"9,547",10/1991,Fantastic Four (1961) #357
"9,548",11/1991,Fantastic Four (1961) #358 [A Story]
"9,549",12/1991,Fantastic Four (1961) #359
"9,550",01/1992,Fantastic Four (1961) #360
"9,570",02/1992,Fantastic Four (1961) #361
"9,575",12/1991,Marvel Holiday Special (1991) #1 [B Story]
"9,589",01/1992,Marvel Super-Heroes Annual UK (1990) #1992 ...
"9,751",04/1992,Deaths Head II (1992) #2
"9,753",06/1992,Deaths Head II (1992) #4
"9,780",03/1992,Fantastic Four (1961) #362
"9,781",04/1992,Fantastic Four (1961) #363
"9,782",05/1992,Fantastic Four (1961) #364
"9,783",05/1992,Fantastic Four (1961) #365
"9,826",04/1992,Wolverine (1988) #53
"9,850",06/1992,Amazing Spider-Man (1963) #363
"10,054",03/1993,Mys-Tech Wars (1993) #1
"10,055",04/1993,Mys-Tech Wars (1993) #2
"10,059",05/1993,Mys-Tech Wars (1993) #3
"10,060",06/1993,Mys-Tech Wars (1993) #4
"10,075",02/1993,Sensational She-Hulk (1989) #48
"10,106",07/1992,Sleepwalker (1991) #14
"10,107",08/1992,Sleepwalker (1991) #15
"10,108",09/1992,Sleepwalker (1991) #16
"10,181",04/1992,Warlock and the Infinity Watch (1992) #3
"10,188",07/1992,Fantastic Four (1961) #366
"10,205",07/1992,Infinity War (1992) #2
"10,206",08/1992,Fantastic Four (1961) #367
"10,207",09/1992,Fantastic Four (1961) #368
"10,208",09/1992,Wonder Man (1991) #13
"10,214",08/1992,Infinity War (1992) #3
"10,215",09/1992,New Warriors (1990) #27
"10,220",09/1992,Warlock and the Infinity Watch (1992) #8
"10,221",09/1992,Quasar (1989) #38
"10,223",09/1992,Infinity War (1992) #4
"10,224",10/1992,Wonder Man (1991) #14
"10,227",10/1992,Silver Sable and the Wild Pack (1992) #5
"10,231",08/1992,Alpha Flight (1983) #111
"10,232",08/1992,Marc Spector: Moon Knight (1989) #41
"10,235",10/1992,Quasar (1989) #39
"10,236",10/1992,Infinity War (1992) #5
"10,237",10/1992,Fantastic Four (1961) #369
"10,238",11/1992,Quasar (1989) #40
"10,246",11/1992,Wonder Man (1991) #15
"10,248",11/1992,Infinity War (1992) #6
"10,249",11/1992,Fantastic Four (1961) #370
"10,258",11/1992,Marc Spector: Moon Knight (1989) #44
"10,314",10/1992,Fantastic Four Annual (1963) #25 [A Story]
"10,315",10/1992,Avengers Annual (1967) #21 [A Story]
"10,321",10/1992,Fantastic Four Annual (1963) #25 [B Story]
"10,322",10/1992,Fantastic Four Annual (1963) #25 [C Story]
"10,392",11/1992,Incredible Hulk (1962) #399
"10,399",03/1993,Darkhawk (1991) #25
"10,630",03/1993,Fantastic Four Unlimited (1993) #1 [A Story]
"10,640",03/1993,New Warriors (1990) #33
"10,641",04/1993,New Warriors (1990) #34
"10,642",05/1993,New Warriors Annual (1992) #3 [A Story]
"10,648",09/1993,Quasar (1989) #50
"10,692",12/1992,Fantastic Four (1961) #371
"10,693",01/1993,Fantastic Four (1961) #372
"10,694",02/1993,Fantastic Four (1961) #373
"10,696",03/1993,Fantastic Four (1961) #374
"10,697",04/1993,Fantastic Four (1961) #375
"10,700",06/1993,Fantastic Four Unlimited (1993) #2
"10,701",09/1993,Fantastic Four Unlimited (1993) #3
"10,702",06/1993,Sensational She-Hulk (1989) #52
"10,705",09/1993,Sensational She-Hulk (1989) #55
"10,708",05/1993,Fantastic Four (1961) #376
"10,709",06/1993,Fantastic Four Annual (1963) #26 [A Story]
"10,856",07/1993,Darkhawk (1991) #29
"11,065",06/1993,Infinity Crusade (1993) #1
"11,076",07/1993,Warlock and the Infinity Watch (1992) #18
"11,079",07/1993,Infinity Crusade (1993) #2
"11,081",09/1993,Web of Spider-Man (1985) #104 [A Story]
"11,088",08/1993,Darkhawk (1991) #30
"11,090",08/1993,Warlock and the Infinity Watch (1992) #19
"11,091",08/1993,Infinity Crusade (1993) #3
"11,093",09/1993,Darkhawk (1991) #31
"11,104",09/1993,Infinity Crusade (1993) #4
"11,110",10/1993,Infinity Crusade (1993) #5
"11,118",11/1993,Infinity Crusade (1993) #6
"11,139",10/1993,Cage (1992) #19
"11,140",11/1993,Cage (1992) #20
"11,307",10/1993,X-Men (1991) #25
"11,343",06/1993,Fantastic Four (1961) #377
"11,344",07/1993,Fantastic Four (1961) #378
"11,345",08/1993,Fantastic Four (1961) #379
"11,346",09/1993,Fantastic Four (1961) #380
"11,347",10/1993,Fantastic Four (1961) #381
"11,348",11/1993,Fantastic Four (1961) #382
"11,349",12/1993,Fantastic Four (1961) #383
"11,350",12/1993,Fantastic Four Unlimited (1993) #4
"11,351",03/1994,Fantastic Four Unlimited (1993) #5
"11,352",01/1994,Fantastic Four (1961) #384
"11,496",01/1994,Real Heroes (1994) #1
"11,601",02/1994,Fantastic Four (1961) #385
"11,602",03/1994,Namor the Sub-Mariner (1990) #48
"11,603",03/1994,Fantastic Four (1961) #386
"11,610",04/1994,Namor the Sub-Mariner (1990) #49
"11,611",05/1994,Namor the Sub-Mariner (1990) #50
"11,652",02/1994,Marvels (1994) #2
"11,653",03/1994,Marvels (1994) #3
"11,949",05/1994,Incredible Hulk (1962) #417
"11,958",04/1994,Fantastic Four (1961) #387
"11,959",05/1994,Fantastic Four (1961) #388
"11,960",06/1994,Fantastic Four Unlimited (1993) #6
"11,964",06/1994,Silver Surfer (1987) #93
"11,965",07/1994,Silver Surfer (1987) #94
"11,966",08/1994,Silver Surfer (1987) #95
"11,967",09/1994,Silver Surfer (1987) #96
"11,968",10/1994,Silver Surfer (1987) #97
"11,995",08/1994,Marvel Comics Presents (1988) #160 [D Story]
"11,996",08/1994,Marvel Comics Presents (1988) #161 [A Story]
"12,025",07/1994,Quasar (1989) #60
"12,073",09/1994,Fantastic Four Unlimited (1993) #7
"12,085",05/1994,Fantastic Four Annual (1963) #27 [A Story]
"12,120",12/1994,Fantastic Four Unlimited (1993) #8
"12,142",10/1994,Marvel Comics Presents (1988) #164 [B Story]
"12,232",03/1995,Fantastic Four Unlimited (1993) #9
"12,277",06/1994,Fantastic Four (1961) #389
"12,278",07/1994,Fantastic Four (1961) #390
"12,279",08/1994,Fantastic Four (1961) #391
"12,280",09/1994,Fantastic Four (1961) #392
"12,525",10/1994,Fantastic Four (1961) #393 [A Story]
"12,526",10/1994,Fantastic Four (1961) #393 [B Story]
"12,554",11/1994,Fantastic Four (1961) #394
"12,555",12/1994,Fantastic Four (1961) #395
"12,702",01/1995,Fantastic Four (1961) #396
"12,703",02/1995,Fantastic Four (1961) #397
"12,704",03/1995,Fantastic Four (1961) #398
"12,705",04/1995,Fantastic Four (1961) #399
"12,706",05/1995,Fantastic Force (1994) #7
"12,707",05/1995,Fantastic Four (1961) #400 [A Story]
"12,708",05/1995,Fantastic Four (1961) #400 [B Story]
"12,716",05/1995,Cosmic Powers Unlimited (1995) #1 [A Story]
"12,739",07/1995,Fantastic Four Unlimited (1993) #10
"12,913",06/1995,Fantastic Four: Atlantis Rising (1995) #1
"12,915",06/1995,Fantastic Four (1961) #401
"12,917",07/1995,Fantastic Four (1961) #402
"12,918",07/1995,Fantastic Four: Atlantis Rising (1995) #2
"12,980",09/1995,Fantastic Four Unplugged (1995) #1
"12,981",11/1995,Fantastic Four Unplugged (1995) #2
"12,982",08/1995,Fantastic Four (1961) #403
"12,983",09/1995,Fantastic Four (1961) #404
"12,984",10/1995,Fantastic Four (1961) #405
"12,992",11/1995,Fantastic Four (1961) #406
"12,993",12/1995,Fantastic Four (1961) #407
"12,994",01/1996,Fantastic Four Unplugged (1995) #3
"12,995",12/1995,Fantastic Four Unlimited (1993) #12
"12,996",01/1996,Fantastic Four (1961) #408
"12,997",02/1996,Fantastic Four (1961) #409
"13,017",04/1996,Fantastic Force (1994) #18
"13,021",03/1996,Fantastic Four (1961) #410
"13,023",03/1996,Fantastic Four Unplugged (1995) #4
"13,024",04/1996,Fantastic Four (1961) #411
"13,025",05/1996,Fantastic Four (1961) #412
"13,097",01/1996,DC Versus Marvel (1995) #1
"13,165",05/1996,Fantastic Four Unplugged (1995) #5
"13,319",06/1996,Spider-Man Team-Up (1995) #3
"13,358",06/1996,Fantastic Four (1961) #413
"13,388",02/1996,Tales of the Marvels: Inner Demons (1996) #1
"13,477",10/1996,Marvel: Heroes and Legends (1996) #1
"13,493",07/1996,Fantastic Four (1961) #414
"13,495",07/1996,Avengers (1963) #400
"13,496",08/1996,Onslaught: X-Men (1996) #1
"13,507",08/1996,Fantastic Four (1961) #415
"13,515",08/1996,X-Men (1991) #55
"13,525",09/1996,Uncanny X-Men (1981) #336
"13,534",09/1996,Fantastic Four (1961) #416 [A Story]
"13,538",09/1996,X-Men (1991) #56
"13,539",10/1996,Onslaught: Marvel Universe (1996) #1
"13,602",11/1996,Fantastic Four (1996) #1
"13,603",12/1996,Fantastic Four (1996) #2
"13,604",12/1996,Avengers (1996) #2
"13,606",01/1997,Fantastic Four (1996) #3
"13,644",01/1997,Iron Man (1996) #3
"13,698",12/1996,Untold Tales of Spider-Man '96 (1996) #1 [A ...
"13,709",12/1996,Rise of Apocalypse (1996) #3
"13,712",02/1997,Incredible Hulk (1962) #450 [B Story]
"13,721",04/1997,Code of Honor (1997) #3
"13,846",02/1997,Fantastic Four (1996) #4
"13,847",03/1997,Fantastic Four (1996) #5
"13,848",04/1997,Fantastic Four (1996) #6 [A Story]
"13,854",04/1997,Avengers (1996) #6
"13,855",04/1997,Iron Man (1996) #6
"13,868",05/1997,Fantastic Four (1996) #7
"13,905",06/1997,Fantastic Four (1996) #8
"13,906",07/1997,Fantastic Four (1996) #9
"13,907",08/1997,Fantastic Four (1996) #10
"13,918",07/1997,Iron Man (1996) #9
"13,957",09/1997,Fantastic Four (1996) #11
"13,958",10/1997,Fantastic Four (1996) #12
"13,959",10/1997,Avengers (1996) #12
"13,960",10/1997,Iron Man (1996) #12
"13,961",10/1997,Captain America (1996) #12
"14,113",07/1997,Untold Tales of Spider-Man '97 (1997) #1 [A ...
"14,124",11/1997,Fantastic Four (1996) #13
"14,125",11/1997,Avengers (1996) #13
"14,126",11/1997,Iron Man (1996) #13
"14,127",11/1997,Captain America (1996) #13
"14,201",12/1997,Heroes Reborn: The Return (1997) #1
"14,204",12/1997,Heroes Reborn: The Return (1997) #2
"14,205",12/1997,Heroes Reborn: The Return (1997) #3
"14,206",12/1997,Heroes Reborn: The Return (1997) #4
"14,209",01/1998,Captain America (1998) #1
"14,226",01/1998,Fantastic Four (1998) #1
"14,251",11/1997,Kingpin (1997) #1
"14,252",01/1998,Thunderbolts (1997) #10
"14,257",02/1998,Fantastic Four (1998) #2
"14,286",02/1998,Avengers (1998) #1
"14,297",04/1998,Shadows and Light (1998) #2 [A Story]
"14,300",02/1998,Thunderbolts (1997) #11
"14,301",03/1998,Thunderbolts (1997) #12
"14,363",03/1998,Fantastic Four (1998) #3
"14,364",04/1998,Fantastic Four (1998) #4
"14,413",07/1998,Captain America (1998) #7
"14,421",06/1998,Sensational Spider-Man (1996) #28
"14,849",05/1999,Fantastic Four (1998) #17
"14,850",06/1999,Fantastic Four (1998) #18
"14,878",07/1999,Fantastic Four (1998) #19
"14,879",08/1999,Fantastic Four (1998) #20
"14,880",09/1999,Fantastic Four (1998) #21 [A Story]
"14,885",05/1999,Webspinners: Tales of Spider-Man (1999) #5
"14,886",06/1999,Webspinners: Tales of Spider-Man (1999) #6
"14,904",06/1999,Daredevil (1998) #8
"14,938",07/1999,Nova (1999) #3
"14,985",08/1999,Nova (1999) #4
"15,005",09/1999,Contest of Champions II (1999) #1
"15,006",09/1999,Contest of Champions II (1999) #2
"15,008",10/1999,Contest of Champions II (1999) #4
"15,009",11/1999,Contest of Champions II (1999) #5
"15,054",10/1999,Avengers (1963) #1 Â½
"15,055",10/1999,Fantastic Four (1998) #22
"15,056",11/1999,Fantastic Four (1998) #23 [A Story]
"15,078",10/1999,Silver Surfer: Loftier Than Mortals (1999) #1
"15,079",10/1999,Silver Surfer: Loftier Than Mortals (1999) #2
"15,098",11/1999,Domination Factor: Fantastic Four (1999) #1
"15,100",09/1999,Domination Factor: Fantastic Four (1999) #2
"15,102",01/2000,Domination Factor: Fantastic Four (1999) #3
"15,103",01/2000,Domination Factor: Avengers (1999) #3
"15,104",02/2000,Domination Factor: Fantastic Four (1999) #4
"15,105",02/2000,Domination Factor: Avengers (1999) #4
"15,113",03/2000,Fast Lane (1999) #4
"15,176",09/1999,Galactus: The Devourer (1999) #1
"15,177",10/1999,Galactus: The Devourer (1999) #2
"15,178",11/1999,Galactus: The Devourer (1999) #3
"15,179",12/1999,Galactus: The Devourer (1999) #4
"15,180",01/2000,Galactus: The Devourer (1999) #5
"15,181",03/2000,Galactus: The Devourer (1999) #6
"15,193",09/1999,Fantastic Four Annual '99 (1999) #1
"15,232",01/2000,X-Man (1995) #59
"15,278",12/1999,Fantastic Four (1998) #24
"15,279",01/2000,Fantastic Four (1998) #25 [A Story]
"15,280",02/2000,Fantastic Four (1998) #26
"15,281",03/2000,Fantastic Four (1998) #27
"15,291",08/2000,Marvel: The Lost Generation (2000) #7
"15,300",04/2000,Fantastic Four (1998) #28 [A Story]
"15,371",05/2000,Fantastic Four (1998) #29 [A Story]
"15,381",06/2000,X-Men: The Hidden Years (1999) #7
"15,382",07/2000,X-Men: The Hidden Years (1999) #8
"15,383",08/2000,X-Men: The Hidden Years (1999) #9
"15,394",07/2001,X-Men: The Hidden Years (1999) #20
"15,396",09/2001,X-Men: The Hidden Years (1999) #22
"15,454",06/2000,Fantastic Four (1998) #30 [A Story]
"15,455",07/2000,Fantastic Four (1998) #31
"15,456",06/2000,Fantastic Four Annual 2000 (2000) #1 [A ...
"15,467",07/2000,Inhumans (2000) #2
"15,487",08/2000,Fantastic Four (1998) #32
"15,504",10/2000,Thunderbolts (1997) #43
"15,506",11/2000,Thunderbolts (1997) #44
"15,514",12/2000,Iron Fist: Wolverine (2000) #2
"15,585",09/2000,Fantastic Four (1998) #33
"15,586",10/2000,Fantastic Four (1998) #34
"15,597",09/2001,Fantastic 4th Voyage of Sinbad (2001) #1
"15,643",12/2000,Marvel Knights (2000) #6
"15,650",12/2000,Iron Man (1998) #35
"15,656",12/2000,Maximum Security (2000) #2
"15,661",01/2001,Maximum Security (2000) #3
"15,683",08/2000,Marvel Boy (2000) #1
"15,704",10/2000,The Sentry (2000) #2
"15,705",11/2000,The Sentry (2000) #3
"15,706",12/2000,The Sentry (2000) #4
"15,707",01/2001,The Sentry (2000) #5
"15,708",02/2001,Sentry/Fantastic Four (2001) #1
"15,710",02/2001,Sentry/Spider-Man (2001) #1
"15,712",02/2001,Sentry vs. the Void (2001) #1
"15,723",11/2000,Fantastic Four (1998) #35
"15,724",12/2000,Fantastic Four (1998) #36
"15,730",01/2001,Black Panther (1998) #26
"15,744",10/2001,U.S. Agent (2001) #3
"15,750",01/2001,Fantastic Four (1998) #37
"15,751",02/2001,Fantastic Four (1998) #38
"15,752",03/2001,Fantastic Four (1998) #39
"15,753",04/2001,Fantastic Four (1998) #40
"15,754",05/2001,Fantastic Four (1998) #41
"15,755",06/2001,Fantastic Four (1998) #42
"15,756",07/2001,Fantastic Four (1998) #43
"15,757",08/2001,Fantastic Four (1998) #44
"15,770",09/2001,Fantastic Four (1998) #45
"15,839",04/2001,Daredevil/Spider-Man (2001) #4
"15,850",03/2001,Defenders (2001) #1
"15,987",02/2001,Fantastic Four: World's Greatest Comics ...
"15,988",03/2001,Fantastic Four: World's Greatest Comics ...
"15,989",04/2001,Fantastic Four: World's Greatest Comics ...
"15,990",05/2001,Fantastic Four: World's Greatest Comics ...
"15,991",06/2001,Fantastic Four: World's Greatest Comics ...
"15,992",07/2001,Fantastic Four: World's Greatest Comics ...
"15,993",08/2001,Fantastic Four: World's Greatest Comics ...
"15,994",09/2001,Fantastic Four: World's Greatest Comics ...
"15,995",10/2001,Fantastic Four: World's Greatest Comics ...
"15,996",11/2001,Fantastic Four: World's Greatest Comics ...
"15,997",12/2001,Fantastic Four: World's Greatest Comics ...
"15,998",01/2002,Fantastic Four: World's Greatest Comics ...
"16,034",12/2001,Amazing Spider-Man (1999) #36
"16,044",09/2001,Fantastic Four Annual 2001 (2001) #1 [A ...
"16,046",10/2001,Fantastic Four (1998) #46
"16,047",11/2001,Fantastic Four (1998) #47
"16,048",12/2001,Fantastic Four (1998) #48
"16,049",01/2002,Fantastic Four (1998) #49
"16,069",12/2001,Thunderbolts (1997) #57
"16,079",11/2001,Defenders (2001) #9
"16,080",12/2001,Defenders (2001) #10
"16,087",04/2002,Avengers (1998) #51
"16,102",02/2002,Fantastic Four (1998) #50 [A Story]
"16,104",02/2002,Fantastic Four (1998) #50 [C Story]
"16,105",02/2002,Fantastic Four (1998) #50 [D Story]
"16,114",03/2002,Fantastic Four (1998) #51
"16,115",04/2002,Fantastic Four (1998) #52
"16,116",05/2002,Fantastic Four (1998) #53
"16,117",06/2002,Fantastic Four (1998) #54
"16,130",12/2001,"Peter Parker, Spider-Man (1999) #36"
"16,162",11/2001,Incredible Hulk (2000) #32
"16,194",08/2002,The Order (2002) #5
"16,195",09/2002,The Order (2002) #6
"16,217",10/2003,Avengers/JLA (2003) #2
"16,223",10/2001,Fantastic Four: 1 2 3 4 (2001) #1
"16,224",11/2001,Fantastic Four: 1 2 3 4 (2001) #2
"16,225",12/2001,Fantastic Four: 1 2 3 4 (2001) #3
"16,226",01/2002,Fantastic Four: 1 2 3 4 (2001) #4
"16,252",06/2002,Black Panther (1998) #43
"16,327",10/2001,Daredevil: Yellow (2001) #3
"16,361",08/2002,Daredevil (1998) #34
"16,407",05/2003,Marvel Universe: The End (2003) #1
"16,410",06/2003,Marvel Universe: The End (2003) #4
"16,431",07/2002,Fantastic Four (1998) #55
"16,563",08/2002,Thing: Freakshow (2002) #1
"16,591",08/2002,Spider-Man: Sweet Charity (2002) #1
"16,604",09/2002,Fantastic Four (1998) #57
"16,605",09/2002,Fantastic Four (1998) #58
"16,606",10/2002,Fantastic Four (1998) #59
"16,622",10/2002,Fantastic Four (1998) #60
"16,639",11/2002,Fantastic Four (1998) #61
"16,670",11/2002,The Craptacular B-Sides (2002) #1 [A Story]
"16,672",12/2002,The Craptacular B-Sides (2002) #2
"16,673",01/2003,The Craptacular B-Sides (2002) #3
"16,680",06/2003,"Peter Parker, Spider-Man (1999) #55"
"16,707",11/2003,The Spectacular Spider-Man (2003) #4
"16,715",12/2002,Fantastic Four (1998) #62
"16,716",01/2003,Fantastic Four (1998) #63
"16,717",02/2003,Fantastic Four (1998) #64
"16,730",01/2003,Amazing Spider-Man (1999) #47
"16,767",02/2003,Spider-Man's Tangled Web (2001) #21
"16,857",03/2003,Fantastic Four (1998) #65
"16,858",04/2003,Fantastic Four (1998) #66
"16,942",06/2003,Fantastic Four (1998) #68
"16,943",07/2003,Fantastic Four (1998) #69
"16,944",08/2003,Fantastic Four (1998) #70
"16,945",09/2003,Fantastic Four (1998) #500
"16,960",10/2003,Fantastic Four (1998) #501
"16,961",10/2003,Fantastic Four (1998) #502
"16,962",11/2003,Fantastic Four (1998) #503
"16,963",12/2003,Fantastic Four (1998) #504
"16,964",12/2003,Fantastic Four (1998) #505
"16,965",01/2004,Fantastic Four (1998) #506
"16,966",01/2004,Fantastic Four (1998) #507
"16,967",02/2004,Fantastic Four (1998) #508
"16,968",03/2004,Fantastic Four (1998) #509
"16,969",04/2004,Fantastic Four (1998) #510
"16,970",05/2004,Fantastic Four (1998) #511
"17,208",04/2004,Venom (2003) #11
"17,223",10/2004,Venom (2003) #17
"17,224",11/2004,Venom (2003) #18
"17,238",10/2003,Amazing Spider-Man (1999) #57
"17,239",11/2003,Amazing Spider-Man (1999) #58
"17,240",12/2003,Amazing Spider-Man (1999) #500
"17,247",10/2003,Startling Stories: The Thing (2003) #1
"17,306",07/2004,Exiles (2001) #47
"17,307",08/2004,Exiles (2001) #48
"17,357",01/2005,Hulk and Thing: Hard Knocks (2004) #3
"17,363",10/2004,X-Statix (2002) #26
"17,475",06/2004,Fantastic Four (1998) #512 [A Story]
"17,476",07/2004,Fantastic Four (1998) #513 [A Story]
"17,477",06/2004,Fantastic Four (1998) #512 [B Story]
"17,478",07/2004,Fantastic Four (1998) #513 [B Story]
"17,508",07/2004,Fantastic Four (1998) #514
"17,509",08/2004,Fantastic Four (1998) #515
"17,510",09/2004,Fantastic Four (1998) #516
"17,545",04/2004,Marvel Knights 4 (2004) #1
"17,546",04/2004,Marvel Knights 4 (2004) #2
"17,547",05/2004,Marvel Knights 4 (2004) #3
"17,548",05/2004,Marvel Knights 4 (2004) #4
"17,559",06/2004,Marvel Knights 4 (2004) #5
"17,560",06/2004,Marvel Knights 4 (2004) #6
"17,561",09/2004,Marvel Knights 4 (2004) #7
"17,585",09/2004,Marvel Knights 4 (2004) #8
"17,586",10/2004,Marvel Knights 4 (2004) #9
"17,587",11/2004,Marvel Knights 4 (2004) #10
"17,588",12/2004,Marvel Knights 4 (2004) #11
"17,589",01/2005,Marvel Knights 4 (2004) #12
"17,618",02/2005,Marvel Knights 4 (2004) #13
"17,619",02/2005,Marvel Knights 4 (2004) #14
"17,667",11/2004,Marvel Knights: Spider-Man (2004) #6
"17,672",04/2005,Marvel Knights: Spider-Man (2004) #11
"17,688",01/2005,She-Hulk (2004) #9
"17,718",10/2004,Avengers (1998) #501
"17,719",11/2004,Avengers (1998) #502
"17,720",12/2004,Avengers (1998) #503
"17,731",10/2004,Fantastic Four (1998) #517
"17,732",11/2004,Fantastic Four (1998) #518
"17,733",12/2004,Fantastic Four (1998) #519
"17,734",01/2005,Fantastic Four (1998) #520
"17,735",02/2005,Fantastic Four (1998) #521
"17,736",03/2005,Fantastic Four (1998) #522
"17,737",04/2005,Fantastic Four (1998) #523
"17,738",05/2005,Fantastic Four (1998) #524
"17,745",04/2005,She-Hulk (2004) #12
"17,760",01/2005,The Spectacular Spider-Man (2003) #21
"17,783",01/2005,Marvel Holiday Special 2004 (2005) #1 [C ...
"17,823",04/2005,Marvel Knights 4 (2004) #15
"17,824",05/2005,Marvel Knights 4 (2004) #16
"17,825",06/2005,Marvel Knights 4 (2004) #17
"17,826",07/2005,Marvel Knights 4 (2004) #18
"17,827",02/2005,X-Men/Fantastic Four (2005) #1
"17,828",03/2005,X-Men/Fantastic Four (2005) #2
"17,829",04/2005,X-Men/Fantastic Four (2005) #3
"17,830",05/2005,X-Men/Fantastic Four (2005) #4
"17,831",06/2005,X-Men/Fantastic Four (2005) #5
"17,853",08/2005,Marvel Knights 4 (2004) #19
"17,854",09/2005,Marvel Knights 4 (2004) #20
"17,855",06/2005,Hercules (2005) #1
"17,858",07/2005,Spider-Man Unlimited (2004) #9 [A Story]
"17,941",06/2005,Fantastic Four (1998) #525
"17,942",06/2005,Fantastic Four (1998) #526
"17,943",07/2005,Fantastic Four (1998) #527
"17,944",08/2005,Fantastic Four (1998) #528
"17,945",09/2005,Fantastic Four (1998) #529
"17,946",10/2005,Fantastic Four (1998) #530
"17,947",11/2005,Fantastic Four (1998) #531
"17,948",12/2005,Fantastic Four (1998) #532
"17,949",1/2006,Fantastic Four Wedding Special (2006) #1
"18,016",12/2004,Wolverine (2003) #21
"18,017",01/2005,Wolverine (2003) #22
"18,032",06/2005,New Invaders (2004) #9
"18,053",02/2005,X-Force (2004) #5
"18,054",03/2005,X-Force (2004) #6
"18,077",05/2005,Secret War (2004) #4
"18,078",12/2005,Secret War (2004) #5
"18,100",01/2005,Astonishing X-Men (2004) #7
"18,108",02/2005,Marvel Team-Up (2005) #3
"18,109",03/2005,Marvel Team-Up (2005) #4
"18,110",04/2005,Marvel Team-Up (2005) #5
"18,118",03/2005,Fantastic Four: Foes (2005) #1
"18,119",04/2005,Fantastic Four: Foes (2005) #2
"18,120",05/2005,Fantastic Four: Foes (2005) #3
"18,121",06/2005,Fantastic Four: Foes (2005) #4
"18,122",07/2005,Fantastic Four: Foes (2005) #5
"18,123",08/2005,Fantastic Four: Foes (2005) #6
"18,124",06/2005,Marvel Team-Up (2005) #7
"18,136",03/2005,Spider-Man/Human Torch (2005) #1
"18,137",04/2005,Spider-Man/Human Torch (2005) #2
"18,138",05/2005,Spider-Man/Human Torch (2005) #3
"18,140",07/2005,Spider-Man/Human Torch (2005) #5
"18,214",08/2005,New Avengers (2005) #8
"18,215",09/2005,New Avengers (2005) #9
"18,216",10/2005,New Avengers (2005) #10
"18,232",10/2005,Marvel Knights 4 (2004) #21
"18,238",09/2005,Marvel Knights: Spider-Man (2004) #16
"18,239",10/2005,Marvel Knights: Spider-Man (2004) #17
"18,240",11/2005,Marvel Knights: Spider-Man (2004) #18
"18,272",12/2005,Marvel Knights 4 (2004) #23
"18,273",01/2006,Marvel Knights 4 (2004) #24
"18,329",11/2005,New Thunderbolts (2005) #12
"18,359",06/2006,Son of M (2006) #5
"18,360",07/2006,Son of M (2006) #6
"18,461",01/2006,Captain Universe/Invisible Woman (2006) #1
"18,463",02/2006,Fantastic Four Special (2006) #1
"18,476",01/2006,Spider-Man Unlimited (2004) #12 [B Story]
"18,482",12/2005,Marvel Monsters: Fing Fang 4 (2005) #1
"18,489",12/2005,The Sentry (2005) #2
"18,490",01/2006,The Sentry (2005) #3
"18,522",11/2005,Pulse (2004) #11
"18,532",01/2006,Marvel Holiday Special 2005 (2006) #1 [A ...
"18,534",01/2006,Marvel Holiday Special 2005 (2006) #1 [C ...
"18,577",12/2005,Fantastic Four/Iron Man: Big in Japan (2005) ...
"18,578",01/2006,Fantastic Four/Iron Man: Big in Japan (2005) ...
"18,579",02/2006,Fantastic Four/Iron Man: Big in Japan (2005) ...
"18,580",03/2006,Fantastic Four/Iron Man: Big in Japan (2005) ...
"18,611",01/2006,Friendly Neighborhood Spider-Man (2005) #2
"18,635",01/2006,The Thing (2005) #1
"18,658",04/2006,The Thing (2005) #4
"18,679",06/2006,The Thing (2005) #6
"18,717",05/2006,Fantastic Four: First Family (2006) #1
"18,718",06/2006,Fantastic Four: First Family (2006) #2
"18,719",07/2006,Fantastic Four: First Family (2006) #3
"18,720",08/2006,Fantastic Four: First Family (2006) #4
"18,721",09/2006,Fantastic Four: First Family (2006) #5
"18,722",10/2006,Fantastic Four: First Family (2006) #6
"18,723",07/2006,Fantastic Four: A Death in the Family (2006) ...
"18,724",02/2006,Marvel Knights 4 (2004) #25
"18,725",03/2006,Marvel Knights 4 (2004) #26
"18,726",04/2006,Marvel Knights 4 (2004) #27
"18,727",05/2006,Marvel Knights 4 (2004) #28
"18,728",07/2006,The Thing (2005) #7
"18,755",08/2006,The Thing (2005) #8
"18,785",09/2006,Iron Man (2005) #10
"18,786",10/2006,Iron Man (2005) #11
"18,787",11/2006,Iron Man (2005) #12
"18,795",12/2006,Stan Lee Meets Doctor Doom (2006) #1 [B ...
"18,815",06/2006,Sensational Spider-Man (2006) #25
"18,817",08/2006,Sensational Spider-Man (2006) #27
"18,830",01/2006,Fantastic Four (1998) #533
"18,831",03/2006,Fantastic Four (1998) #534 [A Story]
"18,832",04/2006,Fantastic Four (1998) #535
"18,837",06/2006,Marvel Knights 4 (2004) #29
"18,838",07/2006,Marvel Knights 4 (2004) #30
"18,851",07/2006,Black Panther (2005) #16
"18,873",05/2006,Fantastic Four (1998) #536
"18,874",06/2006,Fantastic Four (1998) #537
"18,880",07/2006,Civil War (2006) #1
"18,881",07/2006,Wolverine (2003) #42
"18,884",07/2006,Ms. Marvel (2006) #3
"18,895",08/2006,Black Panther (2005) #17
"18,897",08/2006,Civil War (2006) #2
"18,898",08/2006,Amazing Spider-Man (1999) #533
"18,930",08/2006,Fantastic Four (1998) #538
"18,931",09/2006,Black Panther (2005) #18
"18,951",09/2006,Civil War (2006) #3
"18,952",10/2006,Civil War (2006) #4
"19,003",09/2006,Amazing Spider-Man (1999) #534
"19,025",11/2006,Fantastic Four (1998) #540
"19,072",03/2007,Fantastic Four (1998) #543 [A Story]
"19,079",03/2007,Fantastic Four (1998) #543 [B Story]
"19,168",08/2007,Fallen Son: The Death of Captain America ...
"19,171",05/2007,Black Panther (2005) #26
"19,172",05/2007,Fantastic Four (1998) #544
"19,173",06/2007,Fantastic Four (1998) #545
"19,174",07/2007,Fantastic Four (1998) #546
"19,175",06/2007,Black Panther (2005) #27
"19,176",07/2007,Black Panther (2005) #28
"19,177",08/2007,Black Panther (2005) #29
"19,178",10/2007,Black Panther (2005) #30
"19,179",12/2007,Black Panther (2005) #31
"19,180",01/2008,Black Panther (2005) #32
"19,181",02/2008,Black Panther (2005) #33
"19,182",03/2008,Black Panther (2005) #34
"19,185",02/2007,Marvel Holiday Special 2006 (2007) #1 [C ...
"19,216",04/2007,Spider-Man and the Fantastic Four (2007) #1
"19,217",07/2007,Spider-Man and the Fantastic Four (2007) #2
"19,218",08/2007,Spider-Man and the Fantastic Four (2007) #3
"19,219",10/2007,Spider-Man and the Fantastic Four (2007) #4
"19,243",08/2007,Spider-Man Family (2007) #3 [A Story]
"19,270",03/2007,Avengers: Earth's Mightiest Heroes II (2007) ...
"19,330",10/2007,Uncanny X-Men (1981) #489 [A Story]
"19,335",11/2007,Cable and Deadpool (2004) #45
"19,336",12/2007,Cable and Deadpool (2004) #46
"19,348",01/2007,Onslaught Reborn (2007) #1
"19,362",09/2007,Deadpool/GLI: Summer Fun Spectacular (2007) ...
"19,366",08/2007,Fantastic Four (1998) #547
"19,367",10/2007,Fantastic Four (1998) #548
"19,368",11/2007,Fantastic Four (1998) #549
"19,369",12/2007,Fantastic Four (1998) #550
"19,378",01/2008,Penance: Relentless (2007) #3
"19,379",01/2008,Penance: Relentless (2007) #4
"19,464",03/2007,Silent War (2007) #1
"19,547",08/2007,X-Men: First Class (2007) #1
"19,565",09/2007,New Warriors (2007) #2
"19,603",09/2007,World War Hulk (2007) #2
"20,107",01/2009,Fantastic Four: True Story (2008) #4
"20,295",09/2008,True Believers (2008) #1
"20,296",10/2008,True Believers (2008) #2
"20,329",03/2007,New Avengers: Illuminati (2007) #2
"20,354",06/2008,Secret Invasion (2008) #1
"20,357",07/2008,Secret Invasion: Fantastic Four (2008) #1
"20,358",08/2008,Secret Invasion: Fantastic Four (2008) #2
"20,381",07/2008,Mighty Avengers (2007) #14
"20,412",09/2008,Secret Invasion: Fantastic Four (2008) #3
"20,429",01/2009,Secret Invasion (2008) #8
"20,448",02/2009,Mighty Avengers (2007) #20
"20,471",11/2008,Marvel 1985 (2008) #6
"20,513",10/2008,"The Marvels Channel: Monsters, Myths, and ..."
"20,576",02/2009,New Avengers (2005) #48
"20,611",03/2009,Mighty Avengers (2007) #21
"20,630",05/2009,Dark Reign: Fantastic Four (2009) #1
"20,631",06/2009,Dark Reign: Fantastic Four (2009) #2
"20,632",07/2009,Dark Reign: Fantastic Four (2009) #3
"20,633",08/2009,Dark Reign: Fantastic Four (2009) #4
"20,634",09/2009,Dark Reign: Fantastic Four (2009) #5
"20,678",11/2008,X-Men: First Class (2007) #16
"20,691",03/2009,The Age of the Sentry (2008) #5 [B Story]
"20,760",04/2009,Fantastic Four (1998) #564
"20,761",05/2009,Fantastic Four (1998) #565
"20,791",07/2009,Fantastic Four (1998) #566
"20,793",08/2009,Fantastic Four (1998) #568
"20,794",09/2009,Fantastic Four (1998) #569
"20,819",02/2009,Marvels: Eye of the Camera (2009) #1
"20,820",02/2009,Marvels: Eye of the Camera (2009) #2
"20,822",04/2009,Marvels: Eye of the Camera (2009) #4
"20,823",06/2009,Marvels: Eye of the Camera (2009) #5
"20,838",05/2009,Spider-Man & the Human Torch in ... BahÃ­a ...
"20,844",07/2009,Planet Skaar Prologue (2009) #1
"20,854",02/2009,Fantastic Four Cosmic Size (2009) #1
"20,905",03/2009,Captain America Theater of War: America the ...
"21,014",03/2009,Nova (2007) #21
"21,069",06/2009,Amazing Spider-Man (1999) #590
"21,070",06/2009,Amazing Spider-Man (1999) #591
"21,155",08/2009,Dark Wolverine (2009) #75
"21,156",09/2009,Dark Wolverine (2009) #76
"21,157",10/2009,Dark Wolverine (2009) #77
"21,158",01/2009,Vengeance of the Moon Knight (2009) #1
"21,227",09/2009,Dark Reign: Zodiac (2009) #2
"21,228",11/2009,Dark Reign: Zodiac (2009) #3
"21,229",07/2009,Mighty Avengers (2007) #25
"21,230",08/2009,Mighty Avengers (2007) #26
"21,283",10/2009,Incredible Hulk (1962) #601 [A Story]
"21,297",08/2009,Dark Avengers/Uncanny X-Men: Utopia (2009) #1
"21,487",05/2010,Uncanny X-Men (1981) #522 [A Story]
"21,545",09/2009,Amazing Spider-Man (1999) #600 [A Story]
"21,599",10/2009,Fantastic Four (1998) #570
"21,600",11/2009,Fantastic Four (1998) #571
"21,601",12/2009,Fantastic Four (1998) #572
"21,602",01/2010,Fantastic Four (1998) #573
"21,602",01/2010,Fantastic Four (1998) #573
"21,603",02/2010,Fantastic Four (1998) #574
"21,608",04/2010,Torch (2009) #5
"21,694",12/2009,Marvel Digital Holiday Special (2008) #2 [A ...
"21,740",01/2010,Incredible Hulk (1962) #604 [A Story]
"21,741",02/2010,Incredible Hulk (1962) #605 [A Story]
"21,747",02/2010,Dark Avengers Annual (2010) #1
"21,756",05/2010,Breaking into Comics the Marvel Way (2010) ...
"21,790",05/2010,Breaking into Comics the Marvel Way (2010) ...
"21,815",05/2010,Deadpool (2008) #21
"21,854",06/2010,Amazing Spider-Man Presents: Jackpot (2010) ...
"21,900",05/2010,Siege (2010) #3
"21,917",06/2010,Siege (2010) #4
"21,929",06/2010,Avengers: The Initiative (2007) #35
"21,931",07/2010,Sentry: Fallen Sun (2010) #1
"21,946",01/2010,Fall of the Hulks: Gamma (2010) #1 [A Story]
"21,947",03/2010,Hulk (2008) #19 [A Story]
"21,948",03/2010,Incredible Hulk (1962) #606 [A Story]
"21,953",05/2010,Fall of the Hulks: The Savage She-Hulks ...
"21,959",05/2010,Hulk (2008) #21 [A Story]
"21,971",07/2010,Hulk (2008) #22 [A Story]
"21,982",09/2010,World War Hulks: Captain America vs. ...
"21,983",10/2010,Incredible Hulk (1962) #611 [A Story]
"21,992",02/2010,Black Panther (2009) #11
"21,993",03/2010,Black Panther (2009) #12
"21,996",06/2010,Doomwar (2010) #3
"21,997",07/2010,Doomwar (2010) #4
"21,998",08/2010,Doomwar (2010) #5
"21,999",09/2010,Doomwar (2010) #6
"22,041",02/2010,X-Factor (2005) #200 [A Story]
"22,043",03/2010,X-Factor (2005) #201
"22,044",04/2010,X-Factor (2005) #202
"22,091",11/2010,Heroic Age: One Month to Live (2010) #2
"22,092",11/2010,Heroic Age: One Month to Live (2010) #3
"22,093",11/2010,Heroic Age: One Month to Live (2010) #4
"22,166",08/2010,Uncanny X-Men (1981) #525
"22,169",09/2010,X-Force (2008) #28
"22,222",09/2010,Uncanny X-Men: The Heroic Age (2010) #1
"22,307",07/2010,Girl Comics (2010) #2 [C Story]
"22,330",01/2011,Chaos War: Chaos King (2011) #1
"22,331",12/2010,Chaos War (2010) #1 [A Story]
"22,339",01/2011,Chaos War: Dead Avengers (2011) #1
"22,352",03/2011,Incredible Hulks (2010) #620 [B Story]
"22,369",02/2011,Iron Man Legacy (2010) #9
"22,376",08/2010,Heralds (2010) #3
"22,377",08/2010,Heralds (2010) #4
"22,378",08/2010,Heralds (2010) #5
"22,379",08/2010,New Avengers (2010) #1 [A Story]
"22,399",02/2011,I Am an Avenger (2010) #4 [A Story]
"22,463",03/2011,Thor: First Thunder (2010) #5
"22,504",03/2010,Fantastic Four (1998) #575
"22,505",04/2010,Fantastic Four (1998) #576
"22,506",05/2010,Fantastic Four (1998) #577
"22,507",06/2010,Fantastic Four (1998) #578
"22,508",07/2010,Fantastic Four (1998) #579
"22,509",08/2010,Fantastic Four (1998) #580
"22,510",08/2010,Fantastic Four Annual (1963) #32
"22,515",09/2010,Spider-Man and the Fantastic Four (2010) #1
"22,516",10/2010,Spider-Man and the Fantastic Four (2010) #2
"22,517",11/2010,Spider-Man and the Fantastic Four (2010) #3
"22,518",12/2010,Spider-Man and the Fantastic Four (2010) #4
"22,531",11/2010,Fantastic Four in...Ataque del M.O.D.O.K.! ...
"22,538",02/2011,Bullseye: Perfect Game (2011) #2
"22,580",01/2011,Daken: Dark Wolverine (2010) #3
"22,604",04/2011,Wolverine (2010) #5.1
"22,638",03/2011,X-Men: To Serve and Protect (2011) #3 [C ...
"22,656",01/2011,Amazing Spider-Man (1999) #648 [A Story]
"22,707",01/2011,Spider-Girl (2011) #1 [A Story]
"22,708",01/2011,Spider-Girl (2011) #1 [B Story]
"22,709",02/2011,Spider-Girl (2011) #2
"22,735",12/2010,Marvel Holiday Special 2010 (2010) #1
"22,742",01/2011,Avengers (2010) #7 [A Story]
"22,871",10/2010,New Avengers (2010) #3 [B Story]
"22,896",02/2011,Warriors Three (2011) #2
"22,949",02/2011,Daken: Dark Wolverine (2010) #4
"22,952",11/2010,Fantastic Four (1998) #583
"22,953",12/2010,Fantastic Four (1998) #584
"22,954",01/2011,Fantastic Four (1998) #585
"22,955",02/2011,Fantastic Four (1998) #586
"22,956",03/2011,Fantastic Four (1998) #587
"22,957",04/2011,Fantastic Four (1998) #588 [A Story]
"22,959",05/2011,Amazing Spider-Man (1999) #657
"23,545",08/2011,Incredible Hulk and the Human Torch: From ...
"23,618",03/2012,Fantastic Four (1998) #602
"23,619",04/2012,Fantastic Four (1998) #603
"23,620",05/2012,Fantastic Four (1998) #604
"23,624",04/2012,FF (2011) #15
"23,625",05/2012,FF (2011) #16
"23,765",04/2012,Daken: Dark Wolverine (2010) #21
"23,766",05/2012,Daken: Dark Wolverine (2010) #22
"23,767",05/2012,Daken: Dark Wolverine (2010) #23
"23,850",06/2012,Fantastic Four (1998) #605
"23,887",10/2011,Thor: Heaven and Earth (2011) #3
"23,965",07/2012,Fantastic Four (1998) #606
"23,968",08/2012,Fantastic Four (1998) #607
"23,970",09/2012,Fantastic Four (1998) #608
"24,022",12/2012,Avengers Assemble (2012) #8
"24,124",12/2012,Wolverine and the X-Men (2011) #19
"24,201",12/2012,Dark Avengers (2009) #182
"24,212",09/2012,Fantastic Four Annual (1963) #33
"24,227",02/2013,Secret Avengers (2010) #35
"24,244",10/2012,Fantastic Four (1998) #609
"24,259",10/2012,Amazing Spider-Man (1999) #692 [A Story]
"24,262",11/2012,Amazing Spider-Man (1999) #693
"24,270",11/2012,Fantastic Four (1998) #610
"24,271",11/2012,FF (2011) #22
"24,294",12/2012,Fantastic Four (1998) #611
"24,295",12/2012,FF (2011) #23
"24,582",01/2013,Fantastic Four (2013) #1
"24,583",01/2013,FF (2013) #1
"24,584",02/2013,Fantastic Four (2013) #2
"24,586",03/2013,Fantastic Four (2013) #3
"24,588",04/2013,FF (2013) #4
"24,590",04/2013,Fantastic Four (2013) #4
"24,591",05/2013,Fantastic Four (2013) #5
"24,770",06/2013,Fantastic Four (2013) #6
"24,771",06/2013,Fantastic Four (2013) #7
"24,772",07/2013,Fantastic Four (2013) #8
"24,772",07/2013,Fantastic Four (2013) #8
"24,773",08/2013,Fantastic Four (2013) #9
"24,843",09/2013,Fantastic Four (2013) #10
"24,844",10/2013,Fantastic Four (2013) #11
"24,845",11/2013,Fantastic Four (2013) #12
"24,916",12/2013,Fantastic Four (2013) #13
"24,917",01/2014,Fantastic Four (2013) #14
"24,918",02/2014,Fantastic Four (2013) #15
"24,922",03/2014,Fantastic Four (2013) #16
"24,923",03/2014,FF (2013) #16 [B Story]
"25,165",02/2014,Amazing Spider-Man (1999) #700.5 [A Story]
"25,246",01/2014,Deadpool Annual (2014) #1
"25,263",04/2014,Daredevil (2011) #36
"25,401",04/2014,Fantastic Four (2014) #1
"25,402",05/2014,Fantastic Four (2014) #2
"25,403",06/2014,Fantastic Four (2014) #3
"25,404",07/2014,Fantastic Four (2014) #4
"25,405",07/2014,Fantastic Four (2014) #5
"25,530",08/2014,Amazing Spider-Man: Learning to Crawl (2014) ...
"25,619",08/2014,Fantastic Four (2014) #6
"25,620",09/2014,Fantastic Four (2014) #7
"25,621",10/2014,Fantastic Four (2014) #8
"25,742",12/2014,Marvel 75th Anniversary Celebration (2014) ...
"25,823",10/2014,Fantastic Four (2014) #9
"25,824",11/2014,Fantastic Four (2014) #10
"25,826",03/2015,Fantastic Four (2014) #11
"25,896",01/2015,Avengers and X-Men: Axis (2014) #5
"26,042",12/2014,Fantastic Four (2014) #12
"26,043",01/2015,Fantastic Four (2014) #13
"26,044",02/2015,Fantastic Four (2014) #14
"26,045",03/2015,Fantastic Four (2014) #642
"26,046",04/2015,Fantastic Four (2014) #643
"26,047",05/2015,Fantastic Four (2014) #644
"26,048",06/2015,Fantastic Four (2014) #645 [A Story]
"26,052",06/2015,Fantastic Four (2014) #645 [E Story]
"26,224",07/2015,S.H.I.E.L.D. (2015) #6
"26,300",07/2015,Deadpool's Secret Secret Wars (2015) #1 [A ...
"26,301",08/2015,Deadpool's Secret Secret Wars (2015) #2
"26,302",09/2015,Deadpool's Secret Secret Wars (2015) #3
"26,303",10/2015,Deadpool's Secret Secret Wars (2015) #4
"26,309",10/2015,Howard the Duck (2015) #5
"26,318",07/2015,Unbeatable Squirrel Girl (2015) #5
"26,342",06/2015,Silk (2015) #3
"26,343",07/2015,Silk (2015) #4
"26,417",05/2015,Free Comic Book Day 2015 (Secret Wars) #1 [A ...
"26,422",07/2015,Secret Wars (2015) #1
"26,437",06/2015,Deadpool (2013) #45 [H Story]
"29,370",10/2018,Fantastic Four (2018) #1 [A Story]
"29,373",11/2018,Fantastic Four (2018) #2
"29,374",01/2019,Fantastic Four (2018) #3
"29,375",01/2019,Fantastic Four (2018) #4
"29,377",12/2018,Marvel 2-in-One (2018) #11
"29,378",01/2019,Marvel 2-in-One (2018) #12
"29,516",01/2019,Deadpool (2018) #6
"29,825",01/2019,Amazing Spider-Man (2018) #10
"29,955",09/2019,Doctor Strange (2018) #16
"29,999",02/2019,Fantastic Four: Wedding Special (2018) #1 [A ...
"30,001",02/2019,Fantastic Four (2018) #5
"30,002",03/2019,Fantastic Four (2018) #6
"30,003",04/2019,Fantastic Four (2018) #7
"30,004",05/2019,Fantastic Four (2018) #8
"30,005",06/2019,Fantastic Four (2018) #9
"30,083",09/2019,Fantastic Four: The Prodigal Sun (2019) #1
"30,084",10/2019,Silver Surfer: The Prodigal Sun (2019) #1
"30,173",08/2019,Superior Spider-Man (2018) #7
"30,174",07/2019,Fantastic Four (2018) #10
"30,181",07/2019,War Of The Realms Strikeforce: The War ...
"30,182",07/2019,War of the Realms (2019) #3
"30,198",08/2019,Superior Spider-Man (2018) #8
"30,209",08/2019,War of the Realms (2019) #5
"30,211",08/2019,War of the Realms (2019) #6
"30,212",08/2019,Thor (2018) #14
"30,239",10/2019,Sensational Spider-Man: Self-Improvement ...
"30,369",08/2019,Amazing Spider-Man (2018) #23
"30,477",08/2019,Fantastic Four (2018) #11 [A Story]
"30,538",09/2019,Fantastic Four (2018) #12 [A Story]
"30,539",10/2019,Fantastic Four (2018) #13
"30,541",11/2019,Fantastic Four (2018) #14
"30,542",12/2019,Fantastic Four (2018) #15
"30,543",01/2020,Fantastic Four (2018) #16
"30,544",02/2020,Fantastic Four (2018) #17
"30,545",03/2020,Fantastic Four (2018) #18
"30,546",04/2020,Fantastic Four (2018) #19
"30,547",10/2019,Fantastic Four: 4 Yancy Street (2019) #1
"30,548",09/2019,Fearless (2019) #1 [A Story]
"30,577",09/2019,House of X (2019) #1
"30,587",12/2019,House of X (2019) #6
"30,625",11/2019,Friendly Neighborhood Spider-Man (2019) #12
"30,626",12/2019,Friendly Neighborhood Spider-Man (2019) #13
"30,627",02/2020,Friendly Neighborhood Spider-Man (2019) #14
"30,651",11/2019,Gwenpool Strikes Back (2019) #2
"30,652",12/2019,Gwenpool Strikes Back (2019) #3
"30,685",01/2020,Annihilation: Scourge - Alpha (2019) #1
"30,686",02/2020,Annihilation: Scourge - Fantastic Four ...
"30,690",02/2020,Annihilation: Scourge - Omega (2019) #1
"30,720",10/2019,Moon Girl and Devil Dinosaur (2016) #46
"30,721",11/2019,Moon Girl and Devil Dinosaur (2016) #47
"30,784",04/2020,Fantastic Four: Grimm Noir (2020) #1
"30,905",03/2020,Amazing Spider-Man (2018) #37
"30,992",04/2020,X-Men/Fantastic Four (2020) #1
"30,993",04/2020,X-Men/Fantastic Four (2020) #2
"30,994",05/2020,X-Men/Fantastic Four (2020) #3
"30,995",09/2020,X-Men/Fantastic Four (2020) #4
"31,009",03/2020,Tarot (2020) #2
"31,010",04/2020,Tarot (2020) #3
"31,051",05/2020,Fantastic Four (2018) #20
"31,100",12/2019,Contagion (2019) #1
"31,101",12/2019,Contagion (2019) #2
"31,102",12/2019,Contagion (2019) #3
"31,103",12/2019,Contagion (2019) #4
"31,104",12/2019,Contagion (2019) #5
"31,105",01/2020,Fantastic Four: Negative Zone (2019) #1 [A ...
"31,107",02/2020,Incoming (2019) #1
"31,128",04/2020,Immortal Hulk: Great Power (2020) #1
"31,137",01/2021,Marvel (2020) #2
"31,218",08/2020,Empyre: Avengers (2020) #0
"31,219",09/2020,Empyre: Fantastic Four (2020) #0
"31,221",09/2020,Empyre (2020) #1
"31,222",09/2020,Fantastic Four (2018) #21
"31,224",09/2020,Empyre (2020) #2
"31,231",09/2020,Captain Marvel (2019) #18
"31,235",09/2020,Empyre (2020) #3
"31,237",10/2020,Fantastic Four (2018) #22
"31,243",10/2020,Empyre (2020) #4
"31,245",10/2020,Empyre (2020) #5
"31,247",11/2020,Empyre (2020) #6
"31,249",11/2020,Empyre: Aftermath Avengers (2020) #1
"31,250",11/2020,Empyre: Fallout Fantastic Four (2020) #1
"31,298",02/2021,Immortal Hulk (2018) #41
"31,316",07/2021,The Marvels (2021) #2
"31,318",10/2021,The Marvels (2021) #4
"31,319",11/2021,The Marvels (2021) #5
"31,353",10/2020,Fantastic Four: Antithesis (2020) #1
"31,354",11/2020,Fantastic Four: Antithesis (2020) #2
"31,355",12/2020,Fantastic Four: Antithesis (2020) #3
"31,356",01/2021,Fantastic Four: Antithesis (2020) #4
"31,391",11/2020,Fantastic Four (2018) #24
"31,409",12/2020,Fantastic Four (2018) #25 [A Story]
"31,410",01/2021,Fantastic Four (2018) #26
"31,411",02/2021,Fantastic Four (2018) #27
"31,412",03/2021,Fantastic Four (2018) #28
"31,414",12/2020,Fantastic Four (2018) #25 [C Story]
"31,471",02/2021,King In Black (2020) #1
"31,483",02/2021,King In Black (2020) #2
"31,502",03/2021,King In Black (2020) #3
"31,504",04/2021,Fantastic Four (2018) #29
"31,525",04/2021,King In Black (2020) #4
"31,533",06/2021,Fantastic Four (2018) #30
"31,536",02/2021,Fantastic Four: Road Trip (2020) #1
"31,550",03/2021,Chris Claremont Anniversary Special (2021) #1
"31,697",06/2021,Fantastic Four (2018) #31
"31,723",07/2021,Fantastic Four (2018) #32 [A Story]
"31,752",08/2021,Marauders (2019) #21
"31,767",08/2021,X-Men (2019) #21
"31,776",08/2021,Fantastic Four (2018) #33
"31,795",08/2021,Wolverine (2020) #13
"31,811",08/2021,X-Factor (2020) #10
"31,831",09/2021,Immortal Hulk (2018) #48
"31,874",09/2021,Fantastic Four (2018) #34
"31,880",10/2021,Immortal Hulk (2018) #49
"31,955",11/2021,Shang-Chi (2021) #4
"31,989",11/2021,Fantastic Four (2018) #35 [A Story]
"31,990",11/2021,Fantastic Four (2018) #35 [B Story]
"31,991",11/2021,Fantastic Four (2018) #35 [C Story]
"32,004",11/2021,Fantastic Four (2018) #36
"32,045",11/2021,Deadpool Infinity Comic (2021) #4
"32,063",12/2021,Immortal Hulk (2018) #50
"32,070",12/2021,Fantastic Four (2018) #37
"32,095",12/2021,Daredevil (2019) #35
"32,113",01/2022,The Thing (2021) #1
"32,126",01/2022,Fantastic Four Infinity Comic (2021) #1
"32,127",01/2022,Fantastic Four Infinity Comic (2021) #2
"32,128",01/2022,Fantastic Four Infinity Comic (2021) #3
"32,129",02/2022,Fantastic Four Infinity Comic (2021) #4
"32,144",01/2022,Hulk (2021) #1
"32,168",02/2022,Fantastic Four (2018) #38
"32,174",02/2022,Devil's Reign (2021) #1
"32,262",03/2022,The Thing (2021) #3
"32,270",03/2022,Fantastic Four (2018) #39
"32,302",03/2022,Iron Man (2020) #16
"32,308",03/2022,Devil's Reign (2021) #3
"32,329",04/2022,Fantastic Four: Reckoning War Alpha (2022) #1
"32,343",04/2022,Fantastic Four (2018) #40
"32,344",04/2022,Thor (2020) #22
"32,384",04/2022,Fantastic Four (2018) #41
"32,395",04/2022,Devil's Reign: Spider-Man (2022) #1
"32,470",06/2022,Fantastic Four (2018) #42
"32,475",06/2022,Devil's Reign (2021) #6
"32,515",06/2022,Thor (2020) #24
"32,534",07/2022,Black Panther Legends (2021) #4
"32,562",07/2022,Fantastic Four (2018) #43
"32,565",07/2022,Thor (2020) #25 [A Story]
"32,620",08/2022,Fantastic Four (2018) #44
"32,709",09/2022,Fantastic Four (2018) #45
"32,726",09/2022,X-Men: Hellfire Gala (2022) #1
"32,740",09/2022,The Marvels (2021) #12
"32,772",08/2022,Marvel's Voices Infinity Comic (2022) #10
"32,778",10/2022,New Fantastic Four (2022) #3
"32,825",10/2022,Fantastic Four (2018) #46
"32,885",11/2022,New Fantastic Four (2022) #4
"32,890",11/2022,Fantastic Four: Full Circle (2022) #1
"32,916",11/2022,Fantastic Four (2018) #47
"32,923",11/2022,A.X.E.: Judgment Day (2022) #5
"32,971",12/2022,New Fantastic Four (2022) #5
"32,989",12/2022,Fantastic Four (2018) #48
"33,149",02/2023,Fantastic Four (2022) #2
"33,232",03/2023,Fantastic Four (2022) #3
"33,332",04/2023,Fantastic Four (2022) #4
"33,430",05/2023,Fantastic Four (2023) #5
"33,507",05/2023,Clobberin' Time (2023) #1
"33,516",06/2023,Amazing Spider-Man (2022) #23
"33,533",06/2023,Fantastic Four (2023) #6
"33,543",06/2023,Amazing Spider-Man (2022) #24
"33,555",06/2023,Captain America: Unforgiven (2023) #1
"33,641",07/2023,Amazing Spider-Man (2022) #25 [A Story]
"33,670",07/2023,Fantastic Four (2023) #7
"33,697",07/2023,Amazing Spider-Man (2022) #26
"33,719",08/2023,Fantastic Four (2023) #8
"33,780",06/2023,X-Men Unlimited Infinity Comic (2021) #92
"33,782",07/2023,X-Men Unlimited Infinity Comic (2021) #94
"33,783",07/2023,X-Men Unlimited Infinity Comic (2021) #95
"33,800",08/2023,She-Hulk (2022) #14
"33,825",09/2023,Fantastic Four (2023) #9
"33,826",09/2023,Clobberin' Time (2023) #5
"33,841",07/2023,Brute Force Infinity Comic (2023) #2
"33,912",10/2023,Fantastic Four (2023) #10
"33,956",10/2023,Spider-Man (2022) #11
"34,003",10/2023,Fantastic Four Annual (2023) #1 [A Story]
"34,033",11/2023,Fantastic Four (2023) #11
"34,079",10/2023,Love Unlimited Infinity Comic (2022) #70
"34,095",11/2023,Captain America (2023) #1
"34,121",12/2023,X-Men (2021) #27
"34,123",12/2023,Fantastic Four (2023) #12
"34,258",01/2024,Fantastic Four (2023) #13
"34,274",01/2024,Superior Spider-Man (2023) #1 [B Story]
"34,314",02/2024,Fantastic Four (2023) #14
"34,376",03/2024,Fantastic Four (2023) #15
"34,451",03/2024,Fantastic Four (2023) #16
"34,460",03/2024,Power Pack: Into the Storm (2024) #1
"34,479",04/2024,Fantastic Four (2023) #17
"34,538",05/2024,Giant-Size Fantastic Four (2024) #1
"34,573",05/2024,Fantastic Four (2023) #18
"34,647",06/2024,Fantastic Four (2023) #19
"34,717",07/2024,Fantastic Four (2023) #20
"34,753",05/2024,Spider-Man Unlimited Infinity Comic (2023) ...
"34,782",07/2024,X-Men: The Wedding Special (2024) #1
"34,811",08/2024,Fantastic Four (2023) #21
"34,966",09/2024,Fantastic Four (2023) #22 [A Story]
"35,008",10/2024,Fantastic Four (2023) #23
"35,053",10/2024,Fantastic Four (2023) #24
"35,088",11/2024,Fantastic Four (2023) #25
"35,156",12/2024,Fantastic Four (2023) #26
"35,224",12/2024,Venom War: Fantastic Four (2024) #1
"35,247",01/2025,The Spectacular Spider-Men (2024) #9
